id,gender,nameSet,title,givenName,surname,streetAddress,city,emailAddress,tropicalZodiac,occupation,vehicle,countryFull
1,female,Brazil,Mrs.,Gabriela,Cunha,"4966 Hickman Street",Geneva,GabrielaOliveiraCunha@jourrapide.com,Libra,"Parking enforcement worker","1993 De Tomaso Pantera","United States"
2,male,American,Mr.,Ed,Welsh,"Rua Paulo Diniz Fraga 1188","São Paulo",EdVWelsh@superrito.com,Scorpio,"Health information technician","2006 Chrysler Sebring",Brazil
3,male,Brazil,Mr.,Luiz,Almeida,"Rua Noêmia Pádula Toniati 1688",Amparo,LuizRodriguesAlmeida@cuvox.de,Pisces,"Electrical and electronics installer","2000 Marcos Mantara",Brazil
4,male,American,Dr.,Robert,Smith,"4741 Broadway Avenue",Athens,RobertDSmith@fleckens.hu,Virgo,"Fire dispatcher","2010 Aston Martin Rapide","United States"
5,female,American,Ms.,Natasha,Dodd,"2123 Paradise Crescent",Hauterive,NatashaBDodd@superrito.com,Libra,Seismologist,"2009 BMW X5",Canada
6,male,American,Mr.,John,Saulters,"3025 Lamberts Branch Road","Ft Lauderdale",JohnLSaulters@fleckens.hu,Capricorn,"Sawing machine tender","2009 Jeep Compass","United States"
7,female,Brazil,Ms.,Giovanna,Cavalcanti,"3841 Isaacs Creek Road",Jacksonville,GiovannaSantosCavalcanti@fleckens.hu,Aries,"Brokerage sales assistant","2002 Mitsubishi eK","United States"
8,male,Brazil,Mr.,Luan,Araujo,"Servidão Carlos Imperial 1637",Joinville,LuanDiasAraujo@gustr.com,Leo,"Stock broker","2012 Toyota Prius C",Brazil
9,male,American,Mr.,Justin,Vaillancourt,"Rua Lisboa Serra 1806","São Luís",JustinSVaillancourt@cuvox.de,Taurus,"Commercial photographer","2006 Acura RL",Brazil
10,male,American,Mr.,James,Gillard,"Rua César Pereira da Silva Machado 1500",Jaú,JamesGGillard@teleworm.us,Scorpio,"Credentials specialist","2001 Volkswagen Passat",Brazil
11,female,American,Ms.,Wendy,Willis,"4480 Kuhl Avenue",Norcross,WendyGWillis@fleckens.hu,Virgo,"Network systems and data communications analyst","2007 Jaguar XKR","United States"
12,female,American,Ms.,Erin,Cruz,"4667 St Jean Baptiste St",Chisasibi,ErinWCruz@gustr.com,Sagittarius,"Market research manager","1999 Jaguar S-Type",Canada
13,male,American,Mr.,Adam,Hicks,"2565 Virgil Street",Tallahassee,AdamKHicks@armyspy.com,Aries,"Project control specialist","2008 BMW 550","United States"
14,male,American,Mr.,Gary,Harwood,"Rua João Lopes da Silva 776","Governador Valadares",GarySHarwood@armyspy.com,Libra,"Children's librarian","2010 Ford Transit Connect",Brazil
15,female,Brazil,Ms.,Júlia,Araujo,"2568 Rue De La Gare",Normandin,JuliaMeloAraujo@superrito.com,Pisces,"Elevator inspector","2008 BMW 120",Canada
16,male,American,Mr.,Raymundo,Keener,"Rua do Louro 492",Colombo,RaymundoVKeener@superrito.com,Taurus,Cardiographer,"1994 Lincoln Mark VIII",Brazil
17,male,American,Mr.,Harold,Layden,"4781 Gorham Street",London,HaroldJLayden@teleworm.us,Gemini,"Simultaneous interpreter","2004 Subaru Impreza",Canada
18,male,Brazil,Mr.,Ryan,Correia,"3508 Duke Street",Montreal,RyanSousaCorreia@cuvox.de,Sagittarius,"Personal banker","2006 Alfa Romeo 166",Canada
19,male,American,Mr.,Tony,Manning,"3327 137th Avenue",Edmonton,TonySManning@teleworm.us,Aries,"Public address system announcer","2008 Subaru Forester",Canada
20,female,American,Mrs.,Misty,Cook,"Rua Vicente Fernandes Figueiredo 1472",Assis,MistyCCook@armyspy.com,Capricorn,"Metal-refining furnace operator","2010 BMW 750",Brazil
21,male,Brazil,Mr.,Matheus,Costa,"Rua Horizonte Feliz 138",Cariacica,MatheusRibeiroCosta@gustr.com,Aries,Administrator,"2007 BMW M3",Brazil
22,female,American,Mrs.,Clarine,Alvarez,"1429 No. 3 Road",Richmond,ClarineGAlvarez@rhyta.com,Gemini,"Insurance investigator","2000 Volvo S40",Canada
23,male,Brazil,Mr.,Kaua,Correia,"Rua Júnior Felipe de Miranda 1149","Belo Horizonte",KauaRibeiroCorreia@rhyta.com,Libra,"News camera operator","2011 Mitsubishi Outlander",Brazil
24,female,Brazil,Ms.,Julia,Ribeiro,"2712 Mayo Street",Lexington,JuliaMeloRibeiro@jourrapide.com,Libra,"General clerk","2003 Daewoo Kalos","United States"
25,male,Brazil,Mr.,José,Rodrigues,"Rua Antônio Lagrota 1456","Juiz de Fora",JoseAlmeidaRodrigues@gustr.com,Gemini,"Theoretical chemist","2006 Fiat Grande Punto",Brazil
26,female,Brazil,Ms.,Eduarda,Goncalves,"4485 Brew Creek Rd",Sechelt,EduardaRochaGoncalves@jourrapide.com,Cancer,"Hand packager","2010 Acura RDX",Canada
27,male,Brazil,Mr.,Danilo,Souza,"3473 Irving Road",Columbus,DaniloCorreiaSouza@armyspy.com,Leo,"Mobile heavy equipment service technician","2008 Suzuki Splash","United States"
28,female,Brazil,Ms.,Eduarda,Dias,"485 George Street",Peterborough,EduardaSouzaDias@jourrapide.com,Virgo,"Promotions manager","2004 SsangYong Korando",Canada
29,male,Brazil,Mr.,Ryan,Melo,"1523 Thatcher Avenue","North Battleford",RyanSousaMelo@rhyta.com,Taurus,"Administrative assistant for human resource","2006 Volkswagen Pickup",Canada
30,male,American,Mr.,James,Casares,"3846 St Jean Baptiste St",Chambord,JamesSCasares@armyspy.com,Taurus,"Data entry worker","2011 Hyundai i30",Canada
31,male,Brazil,Mr.,Victor,Martins,"Rua Alberto Guerra 1455",Piraquara,VictorBarbosaMartins@dayrep.com,Taurus,"Telephone repairer","1999 TVR Speed 12",Brazil
32,male,American,Mr.,Richard,Duncan,"3420 Hammarskjold Dr",Burnaby,RichardSDuncan@jourrapide.com,Cancer,"Border Patrol agent","2007 Acura TL",Canada
33,female,Brazil,Mrs.,Gabrielle,Azevedo,"2698 56th Street",Wetaskiwin,GabrielleFerreiraAzevedo@teleworm.us,Aries,Interpreter,"2008 Ford E-150",Canada
34,male,Brazil,Mr.,Gabriel,Castro,"4199 Richmond Street",Oshawa,GabrielBarbosaCastro@teleworm.us,Libra,"Curriculum specialist","2008 Dodge Dakota",Canada
35,female,American,Ms.,Vivian,Weiner,"Rua SZ - 005 1898",Brusque,VivianJWeiner@fleckens.hu,Libra,"Judiciary translator","2003 MCC ForTwo",Brazil
36,male,American,Mr.,Joshua,Devlin,"Rua Alcides Mourão 11",Macaé,JoshuaCDevlin@jourrapide.com,Pisces,"Telecommunications specialist","2001 Spyker C8",Brazil
37,male,Brazil,Mr.,Arthur,Costa,"Rua 42 894",Manaus,ArthurMartinsCosta@dayrep.com,Aries,"City planner","2006 Toyota Land Cruiser",Brazil
38,male,American,Mr.,Ray,Henry,"142 Carolyns Circle",Dallas,RayRHenry@einrot.com,Sagittarius,Agronomist,"2012 Nissan Murano","United States"
39,male,American,Mr.,Marlon,Knapp,"2249 Maynard Rd",Calgary,MarlonJKnapp@einrot.com,Cancer,"Procurement clerk","2000 Plymouth Prowler",Canada
40,male,Brazil,Mr.,Felipe,Costa,"Travessa Quatorze de Julho 1520",Salvador,FelipeGoncalvesCosta@armyspy.com,Cancer,"Jewelry appraiser","2003 Lexus LS",Brazil
41,female,Brazil,Ms.,Clara,Goncalves,"4784 Libby Street","Beverly Hills",ClaraGomesGoncalves@dayrep.com,Scorpio,"Support clerk","2002 Holden Monaro","United States"
42,female,Brazil,Ms.,Larissa,Araujo,"Rua Professora Nilza Carolina Pedersoli Bertasso 1280",Apucarana,LarissaMartinsAraujo@superrito.com,Cancer,"Health information technician","2005 Chevrolet Blazer",Brazil
43,female,American,Mrs.,Tiffany,Sheldon,"4615 Craven Place","Medicine Hat",TiffanyRSheldon@teleworm.us,Capricorn,"Electrical line worker","2003 Chevrolet Malibu",Canada
44,male,Brazil,Mr.,Tomás,Goncalves,"4874 MacLaren Street",Ottawa,TomasCunhaGoncalves@gustr.com,Sagittarius,"Holistic nurse","1996 Lincoln Mark VIII",Canada
45,female,Brazil,Mrs.,Sofia,Cunha,"Rua Urutau-pardo 669",Arapongas,SofiaFerreiraCunha@fleckens.hu,Libra,"Nurse aide","2005 Land Rover Range Rover",Brazil
46,female,American,Mrs.,Stephanie,Owens,"Quadra SQS 411 Bloco C 1487",Brasília,StephanieDOwens@armyspy.com,Pisces,Esthetician,"2004 Seat Alhambra",Brazil
47,male,American,Mr.,John,Manzi,"Rua Lagoa Amana 1681",Natal,JohnSManzi@fleckens.hu,Capricorn,"Preschool teacher","2005 Infiniti Q45",Brazil
48,female,Brazil,Ms.,Amanda,Castro,"1882 Tycos Dr",Toronto,AmandaPintoCastro@fleckens.hu,Libra,"911 operator","2003 Ascari KZ1",Canada
49,female,Brazil,Mrs.,Beatrice,Correia,"Rua X 924",Goiânia,BeatriceFernandesCorreia@cuvox.de,Taurus,"Musical instrument repairer","2004 Opel Speedster",Brazil
50,female,American,Mrs.,Edith,Soto,"3844 chemin Hudson",Montreal,EdithDSoto@einrot.com,Sagittarius,Treasurer,"2008 Mitsubishi Galant",Canada
51,male,Brazil,Mr.,Tiago,Dias,"Praça Ivo Perdonati 3",Marília,TiagoCostaDias@dayrep.com,Scorpio,"Office support secretary","2010 Opel Zafira",Brazil
52,male,Brazil,Mr.,Luiz,Melo,"2360 Pearl Street","North Highlands",LuizSouzaMelo@fleckens.hu,Pisces,"Surgical nurse","2012 Opel Corsa","United States"
53,female,American,Ms.,Rachel,Hough,"3814 King George Hwy",Surrey,RachelCHough@fleckens.hu,Virgo,Macroeconomist,"2007 TVR Sagaris",Canada
54,female,American,Mrs.,Linda,Johnson,"999 Clifford Street",Concord,LindaDJohnson@superrito.com,Gemini,"Reinforcing iron and rebar worker","2002 Ford GT 40","United States"
55,male,Brazil,Mr.,Rafael,Cavalcanti,"Rua Nina Gonçalves 1267",Gravatá,RafaelSouzaCavalcanti@rhyta.com,Virgo,"Mail processor","2008 Lexus GS",Brazil
56,male,Brazil,Mr.,Diogo,Oliveira,"212 Adelaide St",Toronto,DiogoAlmeidaOliveira@dayrep.com,Gemini,Actuarie,"2007 Renault Twingo",Canada
57,female,Brazil,Dr.,Carla,Barros,"3155 Charleton Ave",Hamilton,CarlaPintoBarros@teleworm.us,Gemini,"Project manager","1998 Fiat Brava",Canada
58,female,Brazil,Ms.,Tânia,Alves,"Rua Couto e Silva 498","Juiz de Fora",TaniaMartinsAlves@dayrep.com,Libra,"Sociocultural anthropologist","1998 Volkswagen New Beetle",Brazil
59,male,American,Mr.,Daniel,Shadwick,"4294 Veltri Drive",Anchorage,DanielJShadwick@cuvox.de,Capricorn,Manicurist,"2001 GMC Sonoma","United States"
60,male,American,Mr.,Darren,Lynch,"547 Burdett Avenue",Sidney,DarrenKLynch@cuvox.de,Taurus,"Compensation, benefits, and job analysis specialist","2004 Saturn Vue",Canada
61,female,American,Mrs.,Amanda,Acosta,"4750 Blanshard",Victoria,AmandaMAcosta@gustr.com,Cancer,"Set and exhibit designer","2012 Volkswagen CC",Canada
62,female,American,Ms.,Heather,Robinson,"1917 Quincy Street",Norristown,HeatherARobinson@rhyta.com,Gemini,"Meeting and convention planner","1998 BMW 730","United States"
63,male,American,Mr.,Timothy,Rivera,"3307 rue des Églises Est",Contrecoeur,TimothyDRivera@rhyta.com,Gemini,"Front desk receptionist","1993 Opel Calibra",Canada
64,male,American,Mr.,Randall,Rossi,"3981 Jade St",Richmond,RandallDRossi@teleworm.us,Scorpio,"Plant operator","2006 Renault Twingo",Canada
65,male,American,Mr.,James,Locklear,"4111 Rue King",Sherbrooke,JamesBLocklear@gustr.com,Aries,"Admissions officer","2005 Acura TL",Canada
66,male,American,Mr.,Thomas,Cruz,"Rua Itapuí 313","Santo André",ThomasRCruz@rhyta.com,Sagittarius,"Credit checker","2003 Alpina Roadster",Brazil
67,female,Brazil,Ms.,Tânia,Silva,"1169 Princess St",Kingston,TaniaPintoSilva@jourrapide.com,Sagittarius,"Fine arts instructor","2008 Citroen Berlingo",Canada
68,male,Brazil,Mr.,Julian,Alves,"3200 Ashmor Drive",Fargo,JulianLimaAlves@armyspy.com,Taurus,"Shoe machine operator","2003 Rolls-Royce Phantom","United States"
69,male,American,Mr.,Seth,Engler,"3685 Grey Fox Farm Road",Houston,SethBEngler@fleckens.hu,Taurus,"Emergency and disaster response worker","2009 Ford Mondeo","United States"
70,male,Brazil,Mr.,Mateus,Souza,"Rua Farmacêutico Mário Reis 420",Varginha,MateusAraujoSouza@jourrapide.com,Pisces,"Harbor pilot","1994 BMW 518",Brazil
71,male,Brazil,Mr.,Danilo,Cavalcanti,"1725 Edgehill Terrace",Alexandra,DaniloRochaCavalcanti@rhyta.com,Aquarius,"Child care worker","1997 Mitsubishi Challenger",Canada
72,female,Brazil,Ms.,Rafaela,Melo,"Rua Manoel Nogueira Dias 526",Marília,RafaelaGoncalvesMelo@dayrep.com,Sagittarius,"Resort desk clerk","2003 Honda Life",Brazil
73,male,Brazil,Mr.,José,Cardoso,"4838 Fidler Drive","San Antonio",JoseRodriguesCardoso@gustr.com,Gemini,"Judiciary translator","2010 Citroen C8","United States"
74,male,American,Dr.,Carlos,Gaines,"Rua Antônio de Paula Braga 302","Almirante Tamandaré",CarlosAGaines@superrito.com,Leo,"LAN administrator","2005 Pontiac Bonneville",Brazil
75,female,Brazil,Ms.,Lara,Fernandes,"2958 rue de la Gauchetière",Montreal,LaraGoncalvesFernandes@jourrapide.com,Taurus,"Assistant property manager","2005 Mercedes-Benz SLK",Canada
76,male,American,Dr.,Michael,Kinney,"1561 Bank St",Ottawa,MichaelFKinney@teleworm.us,Libra,"Publicity agent","1998 Rover 200",Canada
77,male,Brazil,Mr.,André,Pereira,"1243 Jasper Avenue",Edmonton,AndreAraujoPereira@gustr.com,Cancer,Geoscientist,"2011 Audi A4",Canada
78,female,Brazil,Ms.,Eduarda,Souza,"44 Water Street",Kitchener,EduardaLimaSouza@gustr.com,Pisces,"Judiciary translator","2005 Ford Focus",Canada
79,female,Brazil,Ms.,Matilde,Cunha,"Viela Sítio D'Abadia 74",Guarulhos,MatildeSousaCunha@teleworm.us,Cancer,"Industrial accountant","1994 Daihatsu Rocky",Brazil
80,female,Brazil,Ms.,Rebeca,Rocha,"1355 Beaver Creek",Thornhill,RebecaAlvesRocha@superrito.com,Pisces,"Machine feeder","2010 Geely Ck1",Canada
81,female,American,Ms.,Ada,Brewer,"Rua Maria Eugênia Celso 573","Rio de Janeiro",AdaRBrewer@cuvox.de,Cancer,Mechanic,"2004 Renault Scenic",Brazil
82,male,Brazil,Mr.,Davi,Souza,"3468 Paradise Crescent",Hauterive,DaviCavalcantiSouza@teleworm.us,Libra,"Map editor","1992 Nissan 100 NX",Canada
83,male,American,Mr.,Wilbur,Walker,"Rua Evaristo da Veiga 404",Maringá,WilburCWalker@armyspy.com,Libra,"Podiatric medical assistant","1998 Ford Mustang",Brazil
84,male,American,Mr.,Floyd,Shelton,"2620 Russell Avenue","White Rock",FloydJShelton@armyspy.com,Gemini,"Account executive","2012 Maybach Landaulet",Canada
85,female,Brazil,Ms.,Aline,Santos,"2536 Crim Lane",Dayton,AlineAraujoSantos@einrot.com,Aries,"Commercial diver","2009 Alfa Romeo Brera","United States"
86,male,Brazil,Mr.,Alex,Pereira,"Avenida Raphael Logatti 1149",Araraquara,AlexSousaPereira@rhyta.com,Gemini,"Recreational therapist","2009 Mitsubishi Outlander",Brazil
87,male,Brazil,Mr.,José,Castro,"Travessa Santa Rita de Cássia 1034","Três Rios",JoseSousaCastro@einrot.com,Cancer,"HVAC technician","2002 Chevrolet Astro",Brazil
88,female,Brazil,Ms.,Leila,Correia,"3311 Harry Place",Charlotte,LeilaBarrosCorreia@armyspy.com,Aquarius,"Photographic spotter","1993 Lada Samara","United States"
89,male,American,Mr.,Cesar,Frazier,"2742 Candlelight Drive",Katy,CesarKFrazier@einrot.com,Aquarius,"Front desk receptionist","1997 Hyundai Satellite","United States"
90,male,Brazil,Mr.,Bruno,Azevedo,"4678 Loving Acres Road","Kansas City",BrunoLimaAzevedo@rhyta.com,Aquarius,"Executive office administrator","1994 Ford Probe","United States"
91,female,American,Dr.,Jordan,Harden,"2986 rue Parc",Sherbrooke,JordanJHarden@einrot.com,Scorpio,"Meeting director","2001 Suzuki Grand Vitara",Canada
92,female,Brazil,Mrs.,Carolina,Fernandes,"516 Creekside Lane",Ventura,CarolinaGoncalvesFernandes@dayrep.com,Pisces,Messenger,"2008 BMW 750","United States"
93,male,American,Mr.,Michael,Thomas,"3512 Frank Avenue",Springfield,MichaelSThomas@armyspy.com,Aquarius,"Air-conditioning mechanic","2010 Ford Focus","United States"
94,female,American,Ms.,Jeanette,McKinney,"3545 Runnymede Rd",Toronto,JeanetteDMcKinney@teleworm.us,Gemini,"Meeting director","2012 Volkswagen Jetta",Canada
95,male,Brazil,Mr.,Ryan,Correia,"1204 Port Washington Road",Banff,RyanMartinsCorreia@cuvox.de,Pisces,"Speech-language pathologist","1993 Peugeot 309",Canada
96,female,Brazil,Ms.,Marina,Pinto,"1206 Charing Cross Rd",Chatham,MarinaCastroPinto@superrito.com,Capricorn,Adjudicator,"2003 BMW 645",Canada
97,male,Brazil,Mr.,Marcos,Goncalves,"Rua Paulo Fravo 706",Colombo,MarcosGomesGoncalves@armyspy.com,Taurus,"Teacher assistant","2002 Jaguar X400",Brazil
98,male,Brazil,Mr.,Tomás,Goncalves,"3133 St Jean Baptiste St",Forestville,TomasPereiraGoncalves@gustr.com,Libra,"Lathe and turning machine tool operator","2000 Volvo S80",Canada
99,female,American,Mrs.,Rebecca,Villalpando,"4334 Roosevelt Road",Pittsburg,RebeccaDVillalpando@teleworm.us,Aries,"Transmitter operator","1996 Citroen Saxo","United States"
100,female,Brazil,Ms.,Bruna,Souza,"804 Broadcast Drive",Charlotte,BrunaCavalcantiSouza@einrot.com,Leo,Longshoremen,"2005 Mitsubishi Minica","United States"
101,male,American,Mr.,Daniel,Drury,"2271 Butternut Lane",Carbondale,DanielLDrury@armyspy.com,Capricorn,"Training assistant","2002 Smart ForFour","United States"
102,female,American,Mrs.,Christina,Franzen,"1866 Elgin Street",Maitland,ChristinaGFranzen@dayrep.com,Capricorn,"Diesel mechanic","2008 Seat Ibiza",Canada
103,male,Brazil,Mr.,Vinicius,Silva,"2835 Harter Street",Dayton,ViniciusBarrosSilva@teleworm.us,Gemini,"Private accountant","2007 BMW 630","United States"
104,female,American,Dr.,Mary,Shapiro,"3257 Sarah Drive",Deridder,MaryCShapiro@einrot.com,Capricorn,"Local controller","2005 Samsung SM5","United States"
105,male,American,Mr.,Jim,Rene,"4907 Valley View Drive",Cambridge,JimCRene@rhyta.com,Sagittarius,"Construction and building inspector","2005 Beijing BJ 2020","United States"
106,female,Brazil,Mrs.,Isabelle,Alves,"4555 Ganges Road",Ganges,IsabellePereiraAlves@jourrapide.com,Gemini,Buyer,"2004 Toyota Highlander",Canada
107,male,American,Mr.,Lewis,Hillhouse,"500 René-Lévesque Blvd",Montreal,LewisKHillhouse@rhyta.com,Sagittarius,"Vocational education teacher","2000 SsangYong Musso",Canada
108,female,American,Mrs.,Donna,Bustos,"Rua Europa 1142","Aparecida de Goiânia",DonnaTBustos@cuvox.de,Virgo,"Computer applications software engineer","2008 Mercury Grand Marquis",Brazil
109,male,American,Mr.,Jesus,Doherty,"Rua São Jorge 1558",Joinville,JesusKDoherty@dayrep.com,Sagittarius,"Hydrographic surveyor","1998 Ferrari Maranello",Brazil
110,male,Brazil,Mr.,Luis,Alves,"4131 Olen Thomas Drive","Medicine Mound",LuisSantosAlves@superrito.com,Sagittarius,"Public health social worker","1998 Mazda Midge","United States"
111,male,American,Mr.,Wayne,Hansen,"4015 Rebecca Street","Hickory Hills",WayneAHansen@dayrep.com,Capricorn,"Perianesthesia nurse","2011 Alpina B3","United States"
112,female,Brazil,Ms.,Lara,Oliveira,"8ª Travessa Pilão sem Tampa 1890",Salvador,LaraGomesOliveira@dayrep.com,Cancer,"Air traffic controller","2007 Chevrolet Optra",Brazil
113,female,American,Mrs.,Nadine,Obryant,"2836 Dane Street","Liberty Lake",NadineEObryant@teleworm.us,Aries,"Mechanical drafter","2006 Tata Safari","United States"
114,female,Brazil,Mrs.,Melissa,Alves,"3408 Boundary Street",Jacksonville,MelissaAlmeidaAlves@jourrapide.com,Sagittarius,"Unlicensed assistive personnel","2001 Panoz AIV","United States"
115,female,American,Mrs.,Carmen,Walker,"2644 Robinson Court",Saginaw,CarmenKWalker@superrito.com,Cancer,"Geological technician","1998 Mercedes-Benz SL","United States"
116,female,Brazil,Mrs.,Laura,Rocha,"Rua Reginaldo F. Oliveira 1394","São João Del Rei",LauraRodriguesRocha@einrot.com,Virgo,Embalmer,"2012 Lancia Delta",Brazil
117,male,American,Mr.,Arthur,Demers,"1506 Virginia Street",Chicago,ArthurMDemers@dayrep.com,Scorpio,"Organizational development manager","2001 Vauxhall Zafira","United States"
118,female,Brazil,Ms.,Julia,Silva,"3833 Kinchant St","Prince George",JuliaCorreiaSilva@gustr.com,Sagittarius,"Certified pest control applicator","2001 Daewoo Matiz",Canada
119,female,Brazil,Ms.,Rafaela,Melo,"3838 Heritage Drive",Calgary,RafaelaBarrosMelo@einrot.com,Taurus,"Closing agent","2005 Volkswagen Microbus",Canada
120,female,Brazil,Ms.,Anna,Rocha,"Rua Haiti 1288",Guarulhos,AnnaLimaRocha@dayrep.com,Pisces,"Computer systems administrator","1997 Volvo S90",Brazil
121,female,Brazil,Mrs.,Amanda,Martins,"960 Manitoba Street",Bracebridge,AmandaCardosoMartins@fleckens.hu,Leo,"Keypunch technician","2010 Volvo V50",Canada
122,female,American,Ms.,Dannielle,Largo,"Rua São Marcos 1359","Ribeirão Pires",DannielleWLargo@dayrep.com,Cancer,"Office machine and cash register technician","2005 Kia Shuma II",Brazil
123,male,American,Mr.,David,Riggins,"Rua Expedicionário Eliaquim Batista 164","São Gonçalo",DavidGRiggins@fleckens.hu,Capricorn,"Forging machine setter","1995 Jaguar XJS",Brazil
124,female,Brazil,Ms.,Luiza,Barbosa,"3573 Capitol Avenue",Indianapolis,LuizaCarvalhoBarbosa@cuvox.de,Gemini,"Judiciary translator","2011 BMW 750","United States"
125,female,American,Mrs.,Summer,Person,"452 Union Street",Seattle,SummerRPerson@gustr.com,Pisces,Linemen,"2005 Citroen Xsara","United States"
126,female,Brazil,Mrs.,Lara,Sousa,"2060 Bolman Court",Springfield,LaraCavalcantiSousa@teleworm.us,Scorpio,"Material moving occupation","1998 Opel Corsa","United States"
127,female,Brazil,Ms.,Laura,Cardoso,"1301 Pine Street","Alder Flats",LauraCarvalhoCardoso@fleckens.hu,Capricorn,"Crop scientist","1998 Buick Park Avenue",Canada
128,male,Brazil,Mr.,Rodrigo,Goncalves,"Praça Miguel Sallum 291","Ponta Grossa",RodrigoCorreiaGoncalves@fleckens.hu,Virgo,Dipper,"1995 Ford Fairlane",Brazil
129,male,American,Mr.,Abraham,Chapman,"Avenida Melo Morais 1849",Itaquaquecetuba,AbrahamRChapman@armyspy.com,Aries,"Mail processor","1996 BMW 328",Brazil
130,male,American,Mr.,Charles,Chun,"2554 Glover Road",Surrey,CharlesMChun@cuvox.de,Leo,"Health education specialist","2001 MG X80",Canada
131,female,American,Mrs.,Janice,Salgado,"3897 Lillooet Street","Prince Albert",JaniceCSalgado@rhyta.com,Pisces,"IT manager","1995 Mitsubishi Sigma",Canada
132,male,Brazil,Mr.,Kauan,Carvalho,"2867 Summerfield Blvd",Airdrie,KauanAraujoCarvalho@jourrapide.com,Leo,"Derrick operator","2002 Opel Zafira",Canada
133,male,Brazil,Mr.,Ryan,Cunha,"1884 Whitetail Lane",Dallas,RyanSousaCunha@gustr.com,Leo,"Telephone station installer","2003 Citroen C8","United States"
134,male,Brazil,Mr.,Caio,Azevedo,"1424 Snowbird Lane",Ewing,CaioGoncalvesAzevedo@armyspy.com,Scorpio,"Metal-refining furnace tender","2011 Hyundai H1","United States"
135,male,American,Mr.,Earl,Colon,"4712 Coulter Lane",Richmond,EarlDColon@armyspy.com,Capricorn,"Child protective services social worker","2005 Oldsmobile Bravada","United States"
136,male,American,Mr.,Jaime,Galdamez,"3352 Nuzum Court",Buffalo,JaimeJGaldamez@jourrapide.com,Libra,"Commercial lender","2008 BMW 335","United States"
137,female,Brazil,Ms.,Giovana,Almeida,"2613 Manitoba Street",Bracebridge,GiovanaFernandesAlmeida@fleckens.hu,Gemini,"Uniformed police officer","1996 Dodge Dakota",Canada
138,female,American,Ms.,Lori,Parker,"4406 Barton Street",Hamilton,LoriJParker@fleckens.hu,Leo,"Semiconductor assembler","1995 Mitsubishi 3000GT",Canada
139,male,American,Mr.,Anthony,Pease,"4400 Port Washington Road",Blackfalds,AnthonyLPease@fleckens.hu,Sagittarius,"Street vendor","2009 Chrysler Sebring",Canada
140,male,Brazil,Mr.,Marcos,Rocha,"432 Carling Avenue",Ottawa,MarcosCarvalhoRocha@teleworm.us,Aries,"Oral surgeon","1992 Toyota Starlet",Canada
141,female,American,Ms.,Patricia,Smith,"Beco Jóia 1076","Porto Alegre",PatriciaDSmith@fleckens.hu,Gemini,"Immigration and Naturalization Service (INS) inspector","1996 Ford Ka",Brazil
142,female,American,Ms.,Sheila,Walker,"3795 Reserve St",Frankford,SheilaJWalker@armyspy.com,Libra,Judge,"2001 Volvo S80",Canada
143,female,Brazil,Mrs.,Lavinia,Silva,"1918 Indiana Avenue","Commercial Capehart",LaviniaBarrosSilva@teleworm.us,Taurus,"Public works inspector","2012 Chevrolet Traverse","United States"
144,male,American,Mr.,David,Sharp,"2956 Islington Ave",Toronto,DavidDSharp@dayrep.com,Cancer,"HIV/AIDS nurse","2012 Opel Insignia",Canada
145,female,Brazil,Mrs.,Eduarda,Ribeiro,"4671 Alaska Hwy","Fort Nelson",EduardaCardosoRibeiro@rhyta.com,Aquarius,Archaeologist,"2012 Volkswagen Tiguan",Canada
146,male,Brazil,Mr.,Miguel,Fernandes,"1499 Victoria Street",Zurich,MiguelMeloFernandes@dayrep.com,Libra,"Criminal investigator","2001 Kia Magentis",Canada
147,female,American,Ms.,Kimberly,Coffey,"3162 Lynden Road",Beamsville,KimberlySCoffey@fleckens.hu,Taurus,"Real property assessor","1993 Suzuki Samurai",Canada
148,male,Brazil,Mr.,Carlos,Santos,"1899 Parkdale Ave",Brockville,CarlosAlmeidaSantos@fleckens.hu,Gemini,"Systems developer","2004 TVR Speed 12",Canada
149,male,American,Mr.,Larry,Bumpers,"Rua Alcino dos Santos 1321","Rio de Janeiro",LarryLBumpers@jourrapide.com,Cancer,"Industrial production manager","2000 Mazda MX-5 Miata",Brazil
150,female,Brazil,Mrs.,Raissa,Pereira,"Rua Tóquio 1158",Itapevi,RaissaRochaPereira@cuvox.de,Aries,"Certified nurse-midwife","1993 De Tomaso Guara",Brazil
151,male,Brazil,Mr.,Otávio,Silva,"2469 Walnut Drive","Glen Ullin",OtavioAlmeidaSilva@jourrapide.com,Scorpio,"Procurement clerk","2000 Holden Astra","United States"
152,female,American,Mrs.,Beryl,Cole,"Rua Beti da Costa 337","Belford Roxo",BerylMCole@einrot.com,Aquarius,"Process pipeline drafter","2005 Opel Vectra",Brazil
153,female,Brazil,Ms.,Marina,Cardoso,"300 Derry Rd",Malton,MarinaCostaCardoso@teleworm.us,Pisces,"Image consultant","2007 Volvo S80",Canada
154,male,American,Dr.,Jack,Lucas,"1693 Diane Street","San Luis Obispo",JackKLucas@armyspy.com,Pisces,"Automated teller machine technician","1999 Volkswagen Lupo","United States"
155,female,Brazil,Ms.,Carolina,Azevedo,"4772 Benson Park Drive",Choctaw,CarolinaCostaAzevedo@dayrep.com,Gemini,"Employee development manager","1999 Chrysler Java","United States"
156,male,Brazil,Mr.,Martim,Oliveira,"4302 Logan Lane",Denver,MartimCostaOliveira@rhyta.com,Sagittarius,"Older worker specialist","2011 Hyundai Azera","United States"
157,male,Brazil,Mr.,Paulo,Lima,"3611 Rafe Lane",Jackson,PauloBarrosLima@gustr.com,Libra,"Rotary drill operator","1993 Porsche 965","United States"
158,female,American,Mrs.,Victoria,Rivera,"Rua Arara 1948","São Paulo",VictoriaDRivera@superrito.com,Scorpio,"Executive secretary","1993 Ginetta G33",Brazil
159,male,Brazil,Mr.,Murilo,Rocha,"4297 Ryan Road",Winfred,MuriloCostaRocha@dayrep.com,Pisces,"Chiropractic doctor","2015 Ford F-350 Super Duty","United States"
160,male,American,Mr.,Anthony,Gomez,"765 Fantages Way","West Enfield",AnthonyMGomez@armyspy.com,Pisces,"Financial examiner","2007 Nissan Micra","United States"
161,male,American,Mr.,Keith,Harding,"2345 Sycamore Fork Road",Hopkins,KeithLHarding@teleworm.us,Gemini,"CNC programmer","2009 Mazda BT-50","United States"
162,female,Brazil,Mrs.,Nicole,Sousa,"2153 Burdett Avenue",Kitimat,NicoleCarvalhoSousa@superrito.com,Gemini,"Shipping, receiving, and traffic clerk","1996 Toyota Chaser",Canada
163,male,Brazil,Mr.,Rodrigo,Carvalho,"Rua Noruega 1936","Belo Horizonte",RodrigoRibeiroCarvalho@fleckens.hu,Virgo,Engraver,"2005 Toyota Ipsum",Brazil
164,male,Brazil,Mr.,Daniel,Goncalves,"426 rue Principale",Amos,DanielFerreiraGoncalves@einrot.com,Virgo,"Dental surgery doctor","2008 Buick LaCrosse",Canada
165,female,Brazil,Ms.,Amanda,Castro,"Rua Simone Lima Freire 1880",Aracaju,AmandaOliveiraCastro@jourrapide.com,Leo,Toolmaker,"2007 Mitsubishi Outlander",Brazil
166,female,American,Mrs.,Patricia,Turner,"375 Tanner Street",Vancouver,PatriciaMTurner@einrot.com,Cancer,"Family child care provider","2012 Mitsubishi Galant",Canada
167,male,American,Mr.,Michael,Rushing,"Rua Takeshi Mitsuyasu 293",Paranavaí,MichaelJRushing@teleworm.us,Scorpio,"Smoke jumper","2001 Mitsubishi Magna",Brazil
168,female,American,Ms.,Amanda,Risner,"Rua 112 591",Catalão,AmandaDRisner@einrot.com,Aries,Baker,"2009 Mercedes-Benz SLR McLaren",Brazil
169,male,Brazil,Mr.,Thiago,Carvalho,"3197 Austin Avenue",Savannah,ThiagoFerreiraCarvalho@jourrapide.com,Virgo,"Plating and coating machine operator","2004 Toyota Tundra","United States"
170,female,Brazil,Ms.,Laura,Almeida,"1560 Reserve St",Harrowsmith,LauraGomesAlmeida@cuvox.de,Capricorn,"Truck driver","2007 Volkswagen Golf",Canada
171,male,American,Mr.,Beau,Green,"Rua Nove de Março 704",Diadema,BeauBGreen@gustr.com,Scorpio,"Pulmonary function technologist","2002 Alfa Romeo Spider",Brazil
172,female,Brazil,Mrs.,Carolina,Goncalves,"3673 Burdett Avenue",Sidney,CarolinaRibeiroGoncalves@rhyta.com,Aries,"Appellate court judge","2011 Dodge Caliber",Canada
173,male,American,Mr.,Phillip,Brandt,"Quadra Quadra 204 329",Luziânia,PhillipNBrandt@gustr.com,Capricorn,"Commodities trader","2000 Fiat Multipla",Brazil
174,male,American,Mr.,Theron,Pickett,"2137 137th Avenue",Edmonton,TheronCPickett@jourrapide.com,Scorpio,"Case management aide","2002 Rolls-Royce Silver Seraph",Canada
175,male,Brazil,Mr.,Enzo,Castro,"4237 chemin Hudson",Montreal,EnzoFerreiraCastro@einrot.com,Taurus,Publicist,"2003 Nissan Maxima",Canada
176,female,Brazil,Ms.,Emilly,Melo,"4821 Front Street",Toronto,EmillyCostaMelo@gustr.com,Cancer,"Multimedia artist","2005 Mahindra Scorpio",Canada
177,male,Brazil,Mr.,Nicolash,Cardoso,"3413 Post Farm Road",Atlanta,NicolashRibeiroCardoso@dayrep.com,Cancer,"Credit reporter","1994 Nissan Crew","United States"
178,male,Brazil,Mr.,Tiago,Fernandes,"Rua Ponta Verde 991",Natal,TiagoCarvalhoFernandes@teleworm.us,Leo,"Job development specialist","2012 Lexus LX",Brazil
179,male,American,Mr.,Michael,Pierre,"Rua Canutama 363","São Paulo",MichaelJPierre@armyspy.com,Taurus,"Merchandise displayer","2004 Suzuki Grand Vitara",Brazil
180,female,American,Ms.,Lisa,Fisher,"874 Medical Center Drive",Tampa,LisaRFisher@fleckens.hu,Taurus,"Information clerk","2000 TVR Speed 12","United States"
181,female,American,Ms.,Stephanie,Ford,"Rua Vinte 753",Itajubá,StephanieRFord@fleckens.hu,Scorpio,"Photographic process worker","1996 Alpina B",Brazil
182,female,Brazil,Mrs.,Evelyn,Barros,"2470 Grove Avenue",Lawton,EvelynFerreiraBarros@gustr.com,Pisces,"System operator","2000 Citroen C1","United States"
183,male,Brazil,Mr.,Davi,Carvalho,"Rua Renato Fiaccadore 1137","Aparecida de Goiânia",DaviRochaCarvalho@gustr.com,Capricorn,"Office manager","1995 Plymouth Voyager",Brazil
184,male,Brazil,Mr.,Arthur,Cunha,"1187 Myra Street",Providence,ArthurLimaCunha@superrito.com,Taurus,"Massage therapist","2003 Chevrolet Monte Carlo","United States"
185,male,American,Mr.,David,Angel,"2179 Jones Street",Dallas,DavidAAngel@fleckens.hu,Libra,"Museum technician","2005 Bristol Blenheim","United States"
186,female,American,Ms.,Rosa,Twilley,"4421 102nd Avenue",Cranbrook,RosaTTwilley@fleckens.hu,Taurus,"Otorhinolaryngology nurse","2001 Nissan Cima",Canada
187,male,American,Mr.,Michael,Scheiber,"3299 Trainer Avenue",Bloomington,MichaelRScheiber@einrot.com,Cancer,"Paper goods operator","2002 Honda Logo","United States"
188,female,Brazil,Mrs.,Giovana,Sousa,"2968 Goosetown Drive",Charlotte,GiovanaAraujoSousa@cuvox.de,Aries,"Airfield operations specialist","1996 BMW 725","United States"
189,female,American,Mrs.,Deidra,Haddock,"Rua 32 203",Goiânia,DeidraLHaddock@jourrapide.com,Pisces,"ATF agent","2004 Citroen C 15",Brazil
190,female,Brazil,Mrs.,Nicole,Rocha,"2869 Freed Drive","Bear Valley",NicoleFernandesRocha@dayrep.com,Scorpio,"Business office manager","2005 Chevrolet Aveo","United States"
191,female,American,Ms.,Ann,Harry,"653 Fallon Drive",Clifford,AnnGHarry@dayrep.com,Sagittarius,"Transportation ticket agent","2012 Daewoo Tocsa",Canada
192,male,Brazil,Mr.,Joao,Rocha,"Conjunto Residencial 90 607",Planaltina,JoaoCostaRocha@cuvox.de,Capricorn,"Smoke jumper","2014 Dodge Journey",Brazil
193,male,Brazil,Mr.,Luan,Dias,"591 Barrington Court","Cherry Valley",LuanBarrosDias@dayrep.com,Aquarius,Physiologist,"1993 Opel Astra","United States"
194,female,American,Mrs.,Nicole,Langenfeld,"Rua Colômbia 620","Taboão da Serra",NicoleGLangenfeld@superrito.com,Scorpio,"Experimental psychologist","2002 Skoda Superb",Brazil
195,male,American,Mr.,Kirk,Rosen,"3295 Campsite Road","Spruce Grove",KirkDRosen@jourrapide.com,Cancer,Paraeducator,"2009 Lamborghini Gallardo",Canada
196,male,Brazil,Mr.,Vitor,Melo,"4751 Gateway Avenue",Bakersfield,VitorCarvalhoMelo@dayrep.com,Gemini,"Gaming manager","2001 Mazda 6","United States"
197,male,American,Mr.,Victor,Hall,"4359 Warner Street","N. Miami",VictorBHall@fleckens.hu,Sagittarius,"Training assistant","1998 De Tomaso Mangusta","United States"
198,male,Brazil,Mr.,Daniel,Barbosa,"4956 St. John Street",Balcarres,DanielDiasBarbosa@gustr.com,Virgo,"Insurance investigator","1996 Citroen C 15",Canada
199,female,Brazil,Mrs.,Rebeca,Sousa,"Rua Triângulo 1924",Gravataí,RebecaGoncalvesSousa@teleworm.us,Scorpio,"Cementing and gluing machine operator","1998 Tata Estate",Brazil
200,male,American,Mr.,Johnny,Holder,"Alameda Antônio Conor de Oliveira 1974",Castanhal,JohnnyCHolder@jourrapide.com,Leo,Ergonomist,"2009 Kia Carens",Brazil
201,male,Brazil,Mr.,Guilherme,Azevedo,"Rua Gênova 684",Viamão,GuilhermeFerreiraAzevedo@dayrep.com,Taurus,"Set and exhibit designer","1999 Rover 200",Brazil
202,male,American,Mr.,Brandon,Wright,"4670 Monroe Street",Houston,BrandonEWright@jourrapide.com,Scorpio,"Recreational therapist","1996 Suzuki Esteem","United States"
203,female,American,Mrs.,Betty,Terry,"1473 Whispering Pines Circle",Dallas,BettyMTerry@jourrapide.com,Sagittarius,Treasurer,"2009 Aston Martin Vanquish","United States"
204,female,American,Dr.,Keri,Sandoval,"4375 Circle Drive",Houston,KeriDSandoval@cuvox.de,Taurus,Blogger,"2000 Plymouth Prowler","United States"
205,male,Brazil,Mr.,Igor,Fernandes,"Rua Um-A 622","Belo Horizonte",IgorBarrosFernandes@einrot.com,Capricorn,"Maxillofacial surgeon","2008 Mitsubishi Raider",Brazil
206,female,American,Ms.,Edna,Page,"Rua Santa Catarina 624","Jaraguá do Sul",EdnaSPage@dayrep.com,Gemini,"Civil drafter","2004 Vauxhall Monaro",Brazil
207,female,American,Mrs.,Tracy,Hill,"970 Brooklyn Street",Louisa,TracyRHill@einrot.com,Cancer,Toolmaker,"2004 Chevrolet Tracker","United States"
208,male,Brazil,Mr.,Miguel,Melo,"3337 Filbert Street",Chester,MiguelDiasMelo@einrot.com,Gemini,Brickmason,"2011 Ford Fiesta","United States"
209,female,American,Mrs.,Gretchen,Robinson,"1170 Locust Court","Long Beach",GretchenDRobinson@dayrep.com,Sagittarius,"Communications specialist","2005 Mazda B3000","United States"
210,male,Brazil,Mr.,Luís,Gomes,"3399 50th Street",Edmonton,LuisCavalcantiGomes@gustr.com,Sagittarius,"Personal chef","2004 Volkswagen Concept C",Canada
211,female,Brazil,Mrs.,Amanda,Pereira,"2917 Godfrey Street",Portland,AmandaAzevedoPereira@fleckens.hu,Taurus,"Logging equipment operator","2015 Ford Transit Wagon","United States"
212,male,Brazil,Mr.,Kauã,Pereira,"Rua Dama da Noite 776","São Paulo",KauaSouzaPereira@fleckens.hu,Capricorn,Physiologist,"2014 Chevrolet Equinox",Brazil
213,female,American,Ms.,Opal,Elkins,"Rua Deputado Álvaro Gaudêncio 1940","Campina Grande",OpalMElkins@dayrep.com,Aries,"General office clerk","2004 Mini One",Brazil
214,male,Brazil,Mr.,Kauã,Souza,"126 Weir Crescent",Toronto,KauaSilvaSouza@gustr.com,Libra,"Housekeeping cleaner","2005 Nissan Terrano",Canada
215,female,Brazil,Mrs.,Maria,Castro,"Rua José Nabor 428",Osasco,MariaCarvalhoCastro@gustr.com,Leo,"Foreign language interpreter","2002 Ferrari 575M Maranello",Brazil
216,female,American,Ms.,Kay,Gragg,"Alameda Bruxelas 1181",Barueri,KayCGragg@cuvox.de,Pisces,Psychologist,"1997 Proton Saloon",Brazil
217,male,Brazil,Mr.,Luís,Cardoso,"Rua Capitão Manoel Affonso de Carvalho 1985",Fortaleza,LuisMartinsCardoso@jourrapide.com,Aries,"Employment consultant","1999 GAZ 3111",Brazil
218,female,Brazil,Mrs.,Giovana,Araujo,"2869 Morgan Street",Pensacola,GiovanaGoncalvesAraujo@fleckens.hu,Gemini,"Municipal court judge","2014 Chevrolet Sonic","United States"
219,male,American,Mr.,Brad,Casey,"693 Exmouth Street",Sarnia,BradPCasey@fleckens.hu,Cancer,"Cardiac and vascular nurse","1996 Acura SLX",Canada
220,female,American,Ms.,Sandra,Fitzpatrick,"Rua Juiz de Fora 1121",Serra,SandraMFitzpatrick@fleckens.hu,Taurus,"Control room assistant","2006 Mazda 6",Brazil
221,female,Brazil,Mrs.,Giovanna,Dias,"4533 Oakland Ave","Sault Ste Marie",GiovannaMartinsDias@rhyta.com,Virgo,Rancher,"2002 Renault Grand Espace",Canada
222,male,Brazil,Mr.,José,Goncalves,"4736 Sycamore Fork Road",Watertown,JoseMartinsGoncalves@teleworm.us,Pisces,"Explosives worker","1993 Nissan Sunny","United States"
223,male,American,Mr.,Tony,Taylor,"2046 Kinchant St","Prince George",TonySTaylor@dayrep.com,Scorpio,Molder,"1999 Hyundai Galloper",Canada
224,male,American,Mr.,Britt,Herman,"Rua Eugênio Martins 570",Guarapuava,BrittSHerman@armyspy.com,Capricorn,"CART provider","2002 Mahindra Armada",Brazil
225,female,Brazil,Ms.,Lavinia,Carvalho,"Rua Pepita 1729","Telêmaco Borba",LaviniaGoncalvesCarvalho@rhyta.com,Pisces,Technologist,"2010 Lincoln Town Car",Brazil
226,female,American,Ms.,Sarah,McClure,"1032 Richmond Street",Oshawa,SarahJMcClure@fleckens.hu,Gemini,"Desktop publisher","1997 Nissan Primera",Canada
227,female,Brazil,Ms.,Alice,Araujo,"Rua Ana Ventura Nitão 1622",Osasco,AliceCarvalhoAraujo@superrito.com,Aquarius,"Vascular technologist","2007 Buick Terraza",Brazil
228,female,Brazil,Ms.,Clara,Pinto,"2807 Romrog Way",Mccook,ClaraAlvesPinto@superrito.com,Pisces,"Academic dean","2002 Mahindra Scorpio","United States"
229,female,Brazil,Ms.,Júlia,Araujo,"2721 Ste. Catherine Ouest",Montreal,JuliaRodriguesAraujo@rhyta.com,Taurus,"Chemical equipment operator","2002 Lotus Esprit",Canada
230,female,American,Ms.,Lilly,Null,"4436 Big Elm","Kansas City",LillySNull@rhyta.com,Taurus,"Safety inspector","2005 Citroen C6","United States"
231,male,Brazil,Mr.,Miguel,Souza,"2182 rue des Églises Est","Val David",MiguelCardosoSouza@rhyta.com,Sagittarius,"Radio and telecommunications equipment installer","2006 Chrysler PT Cruiser",Canada
232,male,American,Mr.,Martin,Bridges,"Rua Melquíades Peixoto 737","São Gonçalo",MartinBBridges@cuvox.de,Leo,"Real property appraiser","1995 Chrysler Voyager",Brazil
233,male,Brazil,Mr.,Bruno,Cardoso,"2608 Cardinal Lane",Hammond,BrunoMartinsCardoso@gustr.com,Leo,Gastroenterologist,"2009 Lancia Musa","United States"
234,male,Brazil,Mr.,Erick,Souza,"1497 Rogers Road",Toronto,ErickFerreiraSouza@einrot.com,Virgo,"Payroll and timekeeping clerk","2004 Honda Avancier",Canada
235,female,Brazil,Mrs.,Melissa,Melo,"4029 Alness Street",Toronto,MelissaRochaMelo@teleworm.us,Aquarius,"Medical interpreter","1999 GAZ 3110",Canada
236,female,Brazil,Mrs.,Emily,Dias,"4219 Clinton Street",Philadelphia,EmilyCastroDias@gustr.com,Cancer,"Justice of the peace","2006 Fiat Croma","United States"
237,male,Brazil,Mr.,Joao,Costa,"3454 Davis Drive",Orillia,JoaoSouzaCosta@teleworm.us,Scorpio,"Game warden","2000 Mahindra Commander",Canada
238,male,American,Mr.,Willie,York,"981 Austin Avenue",Savannah,WilliePYork@einrot.com,Gemini,"Uniformed police officer","2008 GMC Canyon","United States"
239,female,Brazil,Mrs.,Beatriz,Oliveira,"2014 Birkett Lane",Brantford,BeatrizAzevedoOliveira@fleckens.hu,Aries,"Guitar repairer","2004 Mahindra Armada",Canada
240,male,Brazil,Mr.,Antônio,Lima,"2844 Bayfield St","Richmond Hill",AntonioPereiraLima@armyspy.com,Libra,"Gas compressor operator","1998 Mazda Laputa",Canada
241,male,Brazil,Mr.,Enzo,Cardoso,"843 White Oak Drive","Excelsior Springs",EnzoGomesCardoso@dayrep.com,Aries,Cardiographer,"2004 Acura TL","United States"
242,male,American,Mr.,Jonathan,Lovelace,"2934 Dominion St",Chesterville,JonathanALovelace@teleworm.us,Capricorn,"Card puncher","2008 Fiat Doblo",Canada
243,male,American,Mr.,James,Loftus,"3461 40th Street",Calgary,JamesJLoftus@jourrapide.com,Aquarius,"Talking-books clerk","2005 Honda Step Wagon",Canada
244,female,American,Ms.,Stacia,Chavez,"179 Vernon Street","San Diego",StaciaEChavez@teleworm.us,Capricorn,Cinematographer,"2006 Fiat Idea","United States"
245,male,American,Mr.,Matthew,Carr,"3409 Trymore Road",Clements,MatthewJCarr@dayrep.com,Gemini,"Staff manager","1995 Lotus Esprit","United States"
246,male,Brazil,Mr.,Danilo,Carvalho,"1987 Davis Drive",Orillia,DaniloAlmeidaCarvalho@fleckens.hu,Cancer,"Sports competitor","1994 McLaren F1",Canada
247,male,American,Mr.,Randall,Garcia,"233 90th Avenue","Rolling Hills",RandallTGarcia@fleckens.hu,Pisces,"Air Force","2002 Toyota RAV4",Canada
248,female,Brazil,Mrs.,Emily,Ferreira,"Rua Paulo José da Costa 1995","São Paulo",EmilyFernandesFerreira@rhyta.com,Sagittarius,"Educational counselor","1996 Renault Laguna",Brazil
249,male,Brazil,Mr.,Tomás,Sousa,"2978 Round Table Drive",Cincinnati,TomasCorreiaSousa@gustr.com,Aquarius,"Adult basic education teacher","2005 Audi S4","United States"
250,male,Brazil,Mr.,Renan,Ribeiro,"3916 137th Avenue",Edmonton,RenanCunhaRibeiro@gustr.com,Pisces,Limnologist,"2003 Mercedes-Benz Vaneo",Canada
251,female,American,Ms.,Mary,Taber,"Rua Cinquenta e Três 1917",Petrolina,MarySTaber@rhyta.com,Libra,"Conference service coordinator","2012 Nissan Versa",Brazil
252,male,Brazil,Mr.,Rafael,Pinto,"3727 Woodbridge Lane",Detroit,RafaelMeloPinto@superrito.com,Aquarius,"Sales worker supervisor","2015 BMW M6 Gran Coupe","United States"
253,female,Brazil,Ms.,Ana,Castro,"3570 Sunrise Road","Las Vegas",AnaCavalcantiCastro@teleworm.us,Leo,"Broadcast captioner","2003 Lexus RX","United States"
254,male,Brazil,Mr.,Luiz,Ribeiro,"2618 Dennison Street",Modesto,LuizCardosoRibeiro@fleckens.hu,Virgo,Cinematographer,"2010 Mazda CX-7","United States"
255,male,Brazil,Mr.,Luan,Costa,"Rua Presidente Costa e Silva 424",Petrolina,LuanBarbosaCosta@fleckens.hu,Cancer,"Automotive glass repairer","2004 Scion tC",Brazil
256,male,Brazil,Mr.,Vitór,Ferreira,"3079 Thunder Road",Burlingame,VitorSilvaFerreira@teleworm.us,Libra,"Aircraft and avionics equipment mechanic","2006 Peugeot 307","United States"
257,female,Brazil,Ms.,Lavinia,Rodrigues,"98 River Road",Rye,LaviniaBarrosRodrigues@armyspy.com,Taurus,Stratigrapher,"2000 Mercedes-Benz E","United States"
258,female,American,Ms.,Julia,Barnes,"2725 Harper Street",Kirksey,JuliaMBarnes@fleckens.hu,Sagittarius,"Log mover","2012 Volkswagen Scirocco","United States"
259,female,Brazil,Mrs.,Alice,Oliveira,"1857 Princess St",Kingston,AliceGomesOliveira@armyspy.com,Taurus,"Surfacing equipment operator","1996 Fiat Marea",Canada
260,male,American,Mr.,Guadalupe,Pickett,"3984 rue Fournier",Mascouche,GuadalupeJPickett@armyspy.com,Gemini,"Wait staff","1996 Fiat Legram",Canada
261,female,American,Mrs.,Stephania,Batiste,"3830 Pritchard Court",Windom,StephaniaEBatiste@fleckens.hu,Aquarius,"Camera operator","2008 Hyundai Terracan","United States"
262,male,Brazil,Mr.,Gustavo,Barros,"Rua São Paulo 955","Rio de Janeiro",GustavoCorreiaBarros@gustr.com,Aries,"Sales agent","2000 Hyundai Accent",Brazil
263,female,Brazil,Ms.,Vitória,Azevedo,"Quadra QNM 24 Conjunto K 364",Ceilândia,VitoriaGoncalvesAzevedo@armyspy.com,Scorpio,"Customer service representative","2000 Peugeot 504",Brazil
264,male,American,Mr.,James,Spooner,"Travessa Lira 1331",Natal,JamesJSpooner@fleckens.hu,Capricorn,Model,"1995 Ford Probe",Brazil
265,male,American,Mr.,Francis,Adams,"2603 Hastings Street",Vancouver,FrancisSAdams@jourrapide.com,Scorpio,"Transportation equipment painter","2012 Dacia Logan",Canada
266,female,American,Ms.,Christi,Craddock,"888 Single Street",Malden,ChristiACraddock@armyspy.com,Gemini,"Public finance economist","2006 Lincoln LS","United States"
267,female,American,Ms.,Michelle,Dial,"2588 rue Saint-Antoine",Drummondville,MichelleTDial@dayrep.com,Scorpio,"Aerospace engineering and operations technician","2012 Nissan Livina",Canada
268,female,Brazil,Ms.,Gabriela,Araujo,"Rua Adelaide Constantino 54","São Gonçalo",GabrielaAlvesAraujo@dayrep.com,Libra,"Web developer","1992 Rover 400",Brazil
269,female,American,Mrs.,Barbara,Guimond,"936 Dennison Street",Modesto,BarbaraSGuimond@armyspy.com,Sagittarius,"Detention officer","2015 Ford Transit Van","United States"
270,female,Brazil,Ms.,Sofia,Costa,"Rua Antônio Volpe 850",Campinas,SofiaCorreiaCosta@rhyta.com,Libra,Arbitrator,"2001 Seat Tango",Brazil
271,male,Brazil,Mr.,Leonardo,Carvalho,"4913 Clarksburg Park Road",Yuma,LeonardoGomesCarvalho@rhyta.com,Cancer,"Acoustical carpenter","2007 Lancia Musa","United States"
272,female,Brazil,Mrs.,Luiza,Barbosa,"2120 Davis Drive",Orillia,LuizaSousaBarbosa@superrito.com,Capricorn,"Bookmobile driver","2009 Brilliance BS6",Canada
273,female,American,Ms.,Katherine,Waterman,"3713 Wyecroft Road","King City",KatherineKWaterman@jourrapide.com,Sagittarius,Reporter,"1993 Xedos 6",Canada
274,male,American,Mr.,James,Haynes,"447 Hampton Meadows",Bedford,JamesEHaynes@gustr.com,Cancer,"Lathe and turning machine tool setter","2009 Bugatti Veyron","United States"
275,male,Brazil,Mr.,Estevan,Melo,"1036 rue de la Gauchetière",Montreal,EstevanCorreiaMelo@rhyta.com,Sagittarius,"Bulldozer operator","1997 Alfa Romeo 156",Canada
276,male,Brazil,Mr.,Gabriel,Barros,"2 Stoney Creek",Glenavon,GabrielDiasBarros@rhyta.com,Sagittarius,"Adult secondary education teacher","2002 Volkswagen W12",Canada
277,male,American,Mr.,David,Holmes,"3920 Franklin Avenue","Corpus Christi",DavidCHolmes@rhyta.com,Leo,"Logging equipment operator","1998 Ford Triton","United States"
278,male,Brazil,Mr.,Fábio,Dias,"1048 Tator Patch Road",Chicago,FabioSouzaDias@rhyta.com,Aquarius,"Recruiting manager","2002 Alfa Romeo Spider","United States"
279,female,American,Ms.,Alicia,Wagner,"2107 Poe Road",Houston,AliciaJWagner@jourrapide.com,Taurus,"Publicity agent","2003 Mazda Demio","United States"
280,female,American,Mrs.,Kim,Gutierrez,"1698 Laurel Lane",Coahoma,KimEGutierrez@teleworm.us,Gemini,"Insurance adjuster","2006 Opel Astra","United States"
281,male,Brazil,Mr.,Mateus,Rocha,"Travessa São Miguel 807",Olinda,MateusSouzaRocha@einrot.com,Virgo,"Computer systems software engineer","1999 Peugeot Nautilus",Brazil
282,male,Brazil,Mr.,Luiz,Dias,"1312 avenue Royale",Quebec,LuizAlvesDias@teleworm.us,Taurus,Patternmaker,"2007 Suzuki Alto",Canada
283,female,Brazil,Mrs.,Sarah,Rodrigues,"Rua Oscar Bonfim 188","Patos de Minas",SarahSousaRodrigues@teleworm.us,Gemini,"Instructional coach","2009 Ford GT",Brazil
284,female,American,Ms.,Melissa,Johnson,"Rua Felice Beltrame 479","Santa Maria",MelissaRJohnson@fleckens.hu,Aries,"Staff manager","2008 Jaguar XKR",Brazil
285,female,American,Ms.,Melissa,Guerra,"4386 De L'Acadie Boul",Montreal,MelissaMGuerra@dayrep.com,Virgo,Painter,"2007 BMW 120",Canada
286,female,American,Ms.,Librada,Edwards,"1788 Queen Elisabeth Blvd",Kindersley,LibradaJEdwards@cuvox.de,Pisces,"Press secretary","2000 Alfa Romeo 156",Canada
287,male,Brazil,Mr.,Douglas,Correia,"1440 Old Spallumcheen Rd",Huntingdon,DouglasPintoCorreia@dayrep.com,Cancer,"Scientific illustrator","2006 BMW 645",Canada
288,male,American,Mr.,Ruben,Redfern,"2037 Adelaide St",Toronto,RubenKRedfern@rhyta.com,Leo,"Mental health aide","2008 Chevrolet Express",Canada
289,male,Brazil,Mr.,Paulo,Lima,"Rua Dona Amélia Napoleão 917",Jundiaí,PauloBarrosLima@teleworm.us,Cancer,"Mental health aide","2000 Renault P55",Brazil
290,male,Brazil,Mr.,Luís,Gomes,"2957 Hinkle Deegan Lake Road",Norwich,LuisFernandesGomes@armyspy.com,Sagittarius,"Metal caster","2005 Hummer H2","United States"
291,female,American,Ms.,Gladis,Brooks,"Rua 37 860",Taguatinga,GladisTBrooks@armyspy.com,Gemini,Dietitian,"2006 Nissan Frontier",Brazil
292,female,American,Ms.,Trina,Arellano,"4515 St Jean Baptiste St",Yamachiche,TrinaEArellano@gustr.com,Aries,"Staff development director","2005 Suzuki XL7",Canada
293,female,Brazil,Mrs.,Gabrielly,Melo,"Rua José Gibim Sobrinho 1793",Campinas,GabriellyRochaMelo@fleckens.hu,Taurus,"Real estate broker","2010 Ford Kuga",Brazil
294,female,Brazil,Mrs.,Ágatha,Sousa,"3135 Port Washington Road",Olds,AgathaAraujoSousa@dayrep.com,Pisces,"Wait staff","2009 Peugeot 407",Canada
295,female,American,Ms.,Mary,Miura,"69 Coventry Court","Baton Rouge",MaryAMiura@cuvox.de,Pisces,"Woodworking machine operator","2003 Honda Inspire","United States"
296,male,American,Dr.,Bernard,Smock,"1098 Steve Hunt Road","Miami Springs",BernardDSmock@rhyta.com,Libra,"Airport service agent","1997 Citroen C 15","United States"
297,female,Brazil,Mrs.,Amanda,Costa,"1081 St George Street",Vancouver,AmandaDiasCosta@dayrep.com,Taurus,"Dredge, excavating, and loading machine operator","2015 Nissan Armada",Canada
298,female,Brazil,Mrs.,Anna,Almeida,"3626 Neville Street",Vincennes,AnnaMartinsAlmeida@jourrapide.com,Aries,"DTP operator","1992 Nissan Vanette","United States"
299,male,American,Mr.,Ronald,Romero,"Praça Iuchei Ionashiro 723",Sorocaba,RonaldPRomero@rhyta.com,Aquarius,"Corporate investigator","2009 Daihatsu Trevis",Brazil
300,male,Brazil,Mr.,Enzo,Cardoso,"4004 Pinewood Avenue",Marquette,EnzoGoncalvesCardoso@fleckens.hu,Virgo,"Radiation therapist","1994 Fiat Tempra","United States"
301,male,American,Mr.,James,Kelly,"Rua Conceição Vailon 171",Chapecó,JamesMKelly@superrito.com,Leo,"Magnetic resonance (MR) technologist","2004 Saab 9-7X",Brazil
302,female,Brazil,Ms.,Tânia,Silva,"4900 MacLaren Street",Ottawa,TaniaMartinsSilva@einrot.com,Leo,"Administrative lead","2005 Smart Coupe",Canada
303,female,American,Ms.,Rose,Ridgeway,"Travessa Sapucaia 166",Alvorada,RoseLRidgeway@dayrep.com,Sagittarius,"Design consultant","1994 Volkswagen Caravelle",Brazil
304,male,American,Mr.,Robert,Oakley,"Rua Quilombo dos Palmares 823",Florianópolis,RobertLOakley@gustr.com,Cancer,"Allopathic surgeon","2000 Peugeot Partner",Brazil
305,female,American,Mrs.,Kimberly,Schmid,"3678 Bluff Street",Friendsville,KimberlyTSchmid@superrito.com,Taurus,"Auxiliary equipment operator","2010 Ford Edge","United States"
306,male,American,Mr.,Charles,Garcia,"3483 Hall Place",Sherman,CharlesEGarcia@superrito.com,Capricorn,"Elevator installer","2008 Opel Tigra","United States"
307,female,American,Ms.,Carrie,Hampton,"1330 Brew Creek Rd",Whistler,CarrieRHampton@einrot.com,Taurus,"Scientific photographer","2000 Opel Agila",Canada
308,male,American,Mr.,Michael,Hassell,"874 Northwest Boulevard","Fort Lee",MichaelTHassell@rhyta.com,Aquarius,"Pipe organ repairer","2014 Mazda CX-9","United States"
309,male,Brazil,Mr.,Fábio,Costa,"3702 Hillside Dr",Espanola,FabioCavalcantiCosta@einrot.com,Aquarius,"Position classifier","1993 Ford Laser",Canada
310,male,American,Dr.,Howard,Berry,"3325 Stratford Court",Cary,HowardNBerry@armyspy.com,Gemini,"New accounts clerk","2011 BMW 328","United States"
311,male,American,Mr.,Joseph,Dawson,"664 Linda Street","Fort Washington",JosephJDawson@armyspy.com,Sagittarius,"Forest fire prevention specialist","2011 Seat Altea","United States"
312,male,American,Mr.,Paul,Nix,"87 Wellington Street",Toronto,PaulJNix@einrot.com,Aries,"Clinical laboratory scientist","2005 Citroen C5",Canada
313,male,Brazil,Mr.,Otávio,Melo,"4846 Beaver Creek",Thornhill,OtavioGoncalvesMelo@fleckens.hu,Pisces,"Building cleaning worker","2011 BMW 123",Canada
314,male,Brazil,Mr.,Diego,Lima,"Rua Vanguarda 1960",Olinda,DiegoOliveiraLima@rhyta.com,Taurus,"Boat operator","2009 Chrysler Voyager",Brazil
315,male,American,Mr.,Derrick,Skipper,"Praça Jaçanã 202","Belo Horizonte",DerrickJSkipper@rhyta.com,Libra,"Water treatment plant and system operator","2009 BMW 750",Brazil
316,male,Brazil,Mr.,Paulo,Cavalcanti,"Quadra QR 513 Conjunto 15 764",Samambaia,PauloCarvalhoCavalcanti@einrot.com,Aquarius,"Home care aide","1999 Kia Sportage",Brazil
317,male,American,Mr.,James,Brooks,"610 Station Street",Hayward,JamesMBrooks@cuvox.de,Aquarius,"Marine oiler","2007 Kia Rio","United States"
318,female,American,Ms.,Angela,Patterson,"1752 College View",Metropolis,AngelaRPatterson@teleworm.us,Capricorn,"Administrative leader","2002 Daihatsu Altis","United States"
319,female,American,Mrs.,Karen,Sandlin,"3679 Tchesinkut Lake Rd","Fort St James",KarenSSandlin@jourrapide.com,Taurus,"Biomedical equipment technician","1993 Porsche 968",Canada
320,female,Brazil,Ms.,Ágatha,Goncalves,"4002 Sixth Street","New Westminister",AgathaCorreiaGoncalves@cuvox.de,Libra,Producer,"1994 TVR Type S",Canada
321,female,Brazil,Ms.,Evelyn,Barbosa,"Rua Uruba 957","Duque de Caxias",EvelynRibeiroBarbosa@gustr.com,Sagittarius,Carpenter,"1999 BMW V12",Brazil
322,male,American,Mr.,Norris,Menendez,"2790 Bobcat Drive",Washington,NorrisJMenendez@cuvox.de,Scorpio,Prosecutor,"1992 Lamborghini Diablo","United States"
323,male,American,Mr.,Christopher,Douglas,"2565 Hiddenview Drive",Cleveland,ChristopherMDouglas@armyspy.com,Scorpio,"Dental technician","2004 Mercury Marauder","United States"
324,male,Brazil,Mr.,Kaua,Alves,"Rua Fonte Boa 1785","São Paulo",KauaBarrosAlves@dayrep.com,Leo,"Structural metal fabricator","1998 Chevrolet Venture",Brazil
325,female,American,Ms.,Henrietta,Allen,"3305 Philadelphia Avenue","Salt Lake City",HenriettaJAllen@jourrapide.com,Leo,"Education and development manager","2005 Daihatsu Atrai","United States"
326,male,Brazil,Mr.,Luís,Cardoso,"1665 Coal Road","Log Tavern",LuisCavalcantiCardoso@superrito.com,Taurus,"Packaging and filling machine operator","1992 BMW 538","United States"
327,male,American,Mr.,David,Rasmussen,"436 Benson Street","Eau Claire",DavidRRasmussen@cuvox.de,Virgo,"Textile knitting and weaving machine operator","1998 Plymouth Neon","United States"
328,female,American,Ms.,Ann,Ott,"Rua Pedro Pimentel 934",Botucatu,AnnEOtt@cuvox.de,Taurus,"Merchandise displayer","2009 Citroen C6",Brazil
329,female,American,Mrs.,Lana,Fee,"Rua Professor Doutor Guilherme do Amaral Lyra 1440","São Paulo",LanaJFee@gustr.com,Aries,"High school counselor","1995 Fiat Tempra",Brazil
330,male,Brazil,Mr.,Rafael,Rocha,"Rua Dona Tereza Cristina 1215",Osasco,RafaelCastroRocha@gustr.com,Aries,Farmer,"2005 Nissan Terrano",Brazil
331,male,Brazil,Mr.,Kaua,Correia,"Rua Domingos Pereira Rios 1386","Teixeira de Freitas",KauaRodriguesCorreia@dayrep.com,Pisces,"Tree pruner","1998 Opel Omega",Brazil
332,female,Brazil,Mrs.,Leonor,Cunha,"177 Romano Street",Boston,LeonorDiasCunha@cuvox.de,Capricorn,"Crushing, grinding, and polishing machine tender","2001 Citroen Osee","United States"
333,male,Brazil,Mr.,Victor,Barros,"19 Apple Lane","Rock Island",VictorCunhaBarros@jourrapide.com,Cancer,"Urban and regional planner","2000 Audi S3","United States"
334,female,American,Mrs.,Laura,Kitchen,"4170 2nd Street",Virden,LauraJKitchen@fleckens.hu,Sagittarius,"Industrial therapist","2006 Ford Escape",Canada
335,male,Brazil,Mr.,Breno,Gomes,"2856 Albert Street",London,BrenoRibeiroGomes@einrot.com,Capricorn,Steamfitter,"1998 Tata Estate",Canada
336,male,Brazil,Mr.,Pedro,Alves,"4646 Granville St",Halifax,PedroLimaAlves@teleworm.us,Sagittarius,Registrar,"1998 Jeep Cherokee",Canada
337,female,Brazil,Mrs.,Emily,Gomes,"135 Bobcat Drive",Washington,EmilyRodriguesGomes@dayrep.com,Virgo,"Copy writer","1993 Alfa Romeo 155","United States"
338,male,American,Mr.,Charles,Torres,"Travessa Tupinambá 985",Manaus,CharlesETorres@fleckens.hu,Cancer,"Buyers' agent","2004 Isuzu Rodeo",Brazil
339,female,American,Mrs.,Judith,Romo,"2444 Shaughnessy St","Port Coquitlam",JudithBRomo@einrot.com,Scorpio,"Transmission technician","1996 Honda Today",Canada
340,male,American,Mr.,John,Thompson,"3890 Kembery Drive",Naperville,JohnAThompson@armyspy.com,Gemini,"Content editor","2001 Honda Mobilio","United States"
341,female,Brazil,Mrs.,Amanda,Sousa,"1675 Wolf Pen Road",Oakland,AmandaRibeiroSousa@fleckens.hu,Cancer,"Airline steward","1998 Opel Tigra","United States"
342,male,Brazil,Mr.,Tiago,Rocha,"1498 Farm Meadow Drive",Cookeville,TiagoMartinsRocha@rhyta.com,Virgo,"Tour guide","2005 Saab 9-3","United States"
343,female,American,Mrs.,Laura,Devane,"1308 Derry Rd",Malton,LauraDDevane@rhyta.com,Capricorn,"Recreational vehicle service technician","2011 Chrysler Town & Country",Canada
344,male,Brazil,Mr.,Rafael,Ribeiro,"Rua Francisco Marques 1529",Franca,RafaelMartinsRibeiro@superrito.com,Gemini,"Food batchmaker","1992 Nissan 100 NX",Brazil
345,female,American,Mrs.,Mary,Smith,"1249 Barton Street",Hamilton,MaryMSmith@dayrep.com,Leo,"Commission clerk","2008 Land Rover Discovery",Canada
346,male,Brazil,Mr.,Eduardo,Almeida,"3049 Essendene Avenue",Abbotsford,EduardoFerreiraAlmeida@superrito.com,Gemini,"Power transformer repairer","2012 Renault Clio",Canada
347,female,American,Mrs.,Diana,Shen,"4969 Laurel Lee","Kansas City",DianaJShen@fleckens.hu,Taurus,"Justice of the peace","1999 BMW 750","United States"
348,female,Brazil,Ms.,Livia,Dias,"3150 A Avenue",Edmonton,LiviaCarvalhoDias@superrito.com,Sagittarius,Archivist,"2001 Isuzu VehiCross",Canada
349,male,American,Mr.,Patrick,Cho,"Rua L 1587","Ribeirão Preto",PatrickKCho@rhyta.com,Virgo,Gynecologist,"2012 Hyundai Atos",Brazil
350,female,Brazil,Mrs.,Luiza,Goncalves,"247 Duff Avenue",Barre,LuizaBarbosaGoncalves@fleckens.hu,Aquarius,"Manifold binding worker","2000 BMW 520","United States"
351,female,Brazil,Ms.,Vitoria,Gomes,"3807 90th Avenue",Tilley,VitoriaAraujoGomes@superrito.com,Sagittarius,Compositor,"1998 Honda Prelude",Canada
352,male,American,Mr.,Jame,Atkins,"3963 Port Washington Road","Picture Butte",JameCAtkins@armyspy.com,Cancer,Groomer,"1996 TVR Cerbera",Canada
353,male,American,Mr.,David,Woodell,"3565 Harrison Street","San Francisco",DavidVWoodell@jourrapide.com,Cancer,"Social science research assistant","1998 Oldsmobile Eighty-Eight","United States"
354,female,Brazil,Ms.,Emily,Silva,"3801 Nash Street",Detroit,EmilyGoncalvesSilva@jourrapide.com,Virgo,"Wholesale buyer","2003 GMC Envoy","United States"
355,female,American,Ms.,Lola,Swatzell,"3624 Bay Street",Toronto,LolaLSwatzell@jourrapide.com,Cancer,"Motorcycle mechanic","2001 Mercedes-Benz V",Canada
356,female,American,Ms.,Joyce,Roberts,"Rua AZ - 001 683",Brusque,JoyceRRoberts@teleworm.us,Taurus,"Tamping equipment operator","2003 Mitsubishi Minica",Brazil
357,female,American,Ms.,Pamela,McDaniel,"1497 Tchesinkut Lake Rd",Kitwanga,PamelaTMcDaniel@jourrapide.com,Aquarius,"Press agent","2011 Hyundai Elantra",Canada
358,male,American,Mr.,Howard,Herdon,"1438 Landon Street",Warren,HowardPHerdon@fleckens.hu,Virgo,"Construction equipment operator","1999 Volkswagen Sharan",Canada
359,female,Brazil,Ms.,Evelyn,Cunha,"1745 Byrd Lane",Albuquerque,EvelynMartinsCunha@dayrep.com,Pisces,"Construction engineer","2005 BMW 630","United States"
360,female,Brazil,Mrs.,Melissa,Lima,"Rua D 1319","Várzea Grande",MelissaFernandesLima@jourrapide.com,Pisces,"Financial clerk","2006 Bentley Continental",Brazil
361,male,American,Mr.,James,Dixon,"4292 Oakdale Avenue","Avon Park",JamesBDixon@teleworm.us,Leo,Constructor,"2008 Isuzu I-290","United States"
362,male,Brazil,Mr.,Vitor,Dias,"4817 White Lane",Ideal,VitorAlvesDias@dayrep.com,Libra,"Vascular sonographer","2005 De Tomaso Guara","United States"
363,male,Brazil,Mr.,Caio,Cardoso,"4539 Euclid Avenue",Irvine,CaioSouzaCardoso@jourrapide.com,Scorpio,"Loading machine operator","1998 Mitsubishi Lancer","United States"
364,male,American,Mr.,David,Bain,"Rua Brigadeiro Tobias de Aguiar 1313","Ribeirão Preto",DavidLBain@superrito.com,Aquarius,"Publicity agent","2003 Peugeot 306",Brazil
365,male,American,Mr.,Richard,Moore,"Rua Júlio Cirilo da Silva 750","João Pessoa",RichardJMoore@superrito.com,Cancer,Fisher,"2012 Opel Meriva",Brazil
366,male,Brazil,Mr.,Diego,Azevedo,"4662 Nootka Street",Vancouver,DiegoRodriguesAzevedo@dayrep.com,Scorpio,"Billing and posting clerk","2010 Mini Cooper",Canada
367,female,American,Mrs.,Joanna,Young,"Rua Afrânio Coutinho 470","Lençóis Paulista",JoannaJYoung@cuvox.de,Taurus,"Time and attendance clerk","2009 Infiniti EX",Brazil
368,male,American,Mr.,Andy,Burns,"201 Bloomfield Way",Gray,AndyEBurns@gustr.com,Scorpio,Florist,"2006 Ford Escape","United States"
369,female,Brazil,Ms.,Livia,Araujo,"784 Merivale Road",Ottawa,LiviaFerreiraAraujo@rhyta.com,Leo,Blogger,"2006 Chevrolet Equinox",Canada
370,female,American,Ms.,Julie,Omeara,"Avenida Sabiá 1945","Foz do Iguaçu",JulieKOmeara@teleworm.us,Leo,"Extruding, forming, pressing, and compacting machine operator","1998 Opel Meriva",Brazil
371,female,Brazil,Mrs.,Livia,Ferreira,"1838 2nd Street",Fraserwood,LiviaSousaFerreira@teleworm.us,Cancer,"Multimedia artist","2005 Honda Life",Canada
372,male,Brazil,Mr.,Estevan,Almeida,"Rua Palmir Francisco Dias 304",Itajaí,EstevanCardosoAlmeida@fleckens.hu,Virgo,"Dog trainer","2003 Alfa Romeo 156",Brazil
373,female,Brazil,Ms.,Eduarda,Fernandes,"2348 Barnes Street",Sanford,EduardaFerreiraFernandes@cuvox.de,Virgo,"Flight service specialist","1998 Porsche 993","United States"
374,female,Brazil,Ms.,Thaís,Cardoso,"4883 Matthews Street",Plainfield,ThaisBarbosaCardoso@dayrep.com,Aquarius,"Real estate agent","1992 BMW 540","United States"
375,female,Brazil,Ms.,Gabrielly,Souza,"2031 Logan Lane",Lakewood,GabriellySousaSouza@rhyta.com,Aries,"Metal pourer","2006 BMW Z4","United States"
376,male,American,Mr.,Michael,Bohanan,"3935 11th Ave",Calgary,MichaelPBohanan@teleworm.us,Cancer,"Job training specialist","1998 Porsche 993",Canada
377,male,Brazil,Mr.,Júlio,Costa,"3854 Maxwell Farm Road",Chico,JulioSouzaCosta@armyspy.com,Pisces,"Delivery services truck driver","2002 Audi A8","United States"
378,male,American,Mr.,Charles,Lerner,"1871 Reynolds Alley","Los Angeles",CharlesRLerner@fleckens.hu,Libra,"Studio camera operator","2011 GMC Canyon","United States"
379,male,Brazil,Mr.,Pedro,Pinto,"116 Kennedy Rd",Peterborough,PedroCunhaPinto@cuvox.de,Sagittarius,"Nursery and greenhouse manager","1998 Dodge Durango",Canada
380,male,Brazil,Mr.,Danilo,Fernandes,"3919 Morningview Lane","New York",DaniloLimaFernandes@einrot.com,Leo,"Speech writer","2004 Buick LeSabre","United States"
381,female,American,Ms.,Kim,McIntosh,"658 St. John Street",Annaheim,KimRMcIntosh@cuvox.de,Leo,"Stationary engineer","1994 Dodge Venom",Canada
382,female,Brazil,Dr.,Bruna,Dias,"Rua Maria de Lourdes Molina Vieira 630",Suzano,BrunaCostaDias@rhyta.com,Aquarius,"Technical communications specialist","2001 Hyundai XG 300",Brazil
383,female,Brazil,Mrs.,Leonor,Martins,"Servidão Guaja 1686",Teresópolis,LeonorFernandesMartins@jourrapide.com,Gemini,"Technical recruiter","2007 Ford Mondeo",Brazil
384,male,Brazil,Mr.,Caio,Martins,"1052 Halsey Avenue",Toronto,CaioCorreiaMartins@armyspy.com,Leo,"Electrical and electronics repairer","1992 Rolls-Royce Silver Spirit",Canada
385,female,American,Mrs.,Karen,Moline,"1464 Bloor Street",Lavoy,KarenCMoline@cuvox.de,Pisces,Composer,"1994 Mazda MX-3",Canada
386,female,Brazil,Ms.,Lara,Rodrigues,"615 MacLaren Street",Ottawa,LaraCorreiaRodrigues@cuvox.de,Taurus,"Print binding and finishing worker","2002 Holden Barina",Canada
387,female,American,Mrs.,Anne,Anglin,"749 Sturgeon Drive","Fort Saskatchewan",AnneGAnglin@rhyta.com,Libra,"Tour guide","1993 Vauxhall Carlton",Canada
388,male,American,Mr.,Kevin,Gorden,"Rua Dona Raulina Pascoal 1830",Catalão,KevinMGorden@jourrapide.com,Libra,"Real property appraiser","2003 Honda Pilot",Brazil
389,male,Brazil,Mr.,Joao,Pereira,"Rua Abelardo Manoel Peixer 1236","São José",JoaoGomesPereira@jourrapide.com,Aquarius,"Milling and planing machine operator","2009 Opel Tigra",Brazil
390,male,American,Mr.,Chris,Segura,"2656 Coleman Avenue","San Diego",ChrisBSegura@jourrapide.com,Pisces,"Athletic trainer","2002 TVR T 350","United States"
391,female,Brazil,Ms.,Eduarda,Sousa,"Rua João Ribeiro de Barros 462",Piracicaba,EduardaOliveiraSousa@gustr.com,Cancer,"Press relations specialist","2000 Ford TL-50",Brazil
392,female,American,Mrs.,Dorothy,Kesler,"Beco Saúde 1449","Santa Luzia",DorothyCKesler@einrot.com,Libra,"Insulation worker","1992 Rover 400",Brazil
393,male,Brazil,Mr.,Diogo,Ribeiro,"4375 Township Rd",Leduc,DiogoCavalcantiRibeiro@armyspy.com,Pisces,"Cardiovascular technician","2011 Peugeot 4007",Canada
394,female,Brazil,Ms.,Beatrice,Sousa,"Rua Flamengo 161","Ribeirão das Neves",BeatriceLimaSousa@teleworm.us,Aquarius,"Clinical manager","2007 Land Rover Discovery",Brazil
395,female,Brazil,Mrs.,Lavinia,Castro,"3909 Queens Sq",Hespeler,LaviniaAlvesCastro@armyspy.com,Taurus,"Septic tank servicer","1998 Toyota Sienna",Canada
396,female,Brazil,Mrs.,Emilly,Ribeiro,"Rua Viana 50","Vila Velha",EmillyCastroRibeiro@armyspy.com,Aries,"Petroleum geologist","2008 Chrysler PT Cruiser",Brazil
397,male,American,Mr.,Mark,Bormann,"4251 James Street",Moonbeam,MarkIBormann@gustr.com,Cancer,"Wealth manager","2005 Kia Retona",Canada
398,male,Brazil,Mr.,José,Melo,"Avenida Tenente Amaro Felicíssimo da Silveira 1566","São Paulo",JoseRibeiroMelo@fleckens.hu,Taurus,"Creative writer","2008 Kia Rio",Brazil
399,female,Brazil,Ms.,Emily,Oliveira,"Rua São Damião 479","Juiz de Fora",EmilySantosOliveira@jourrapide.com,Cancer,"Security and fire alarm systems installer","2009 BMW 528",Brazil
400,male,American,Mr.,Joseph,Perez,"4361 Tchesinkut Lake Rd",Hansard,JosephMPerez@gustr.com,Scorpio,"Gynecologic sonographer","2005 Seat Alhambra",Canada
401,female,American,Mrs.,Ethel,Quijada,"281 René-Lévesque Blvd",Montreal,EthelCQuijada@einrot.com,Capricorn,"Automotive service technician","2011 SsangYong Korando",Canada
402,male,American,Mr.,Rick,Williams,"1629 Stockert Hollow Road",Sammamish,RickMWilliams@fleckens.hu,Pisces,Oceanographer,"2005 Mazda Drifter","United States"
403,male,American,Mr.,Donald,Rasmussen,"1605 Toy Avenue",Oshawa,DonaldBRasmussen@einrot.com,Capricorn,"Crushing, grinding, and polishing machine operator","2004 Mercedes-Benz SLR McLaren",Canada
404,male,American,Mr.,Christopher,Lewis,"Rua Arnaldo Bastos 1501",Recife,ChristopherJLewis@fleckens.hu,Aries,"Osteopathic doctor","1994 Hyundai Scoupe",Brazil
405,female,American,Ms.,Linnea,Hernandez,"3649 Modoc Alley",Lowman,LinneaAHernandez@armyspy.com,Sagittarius,"Rehabilitation nurse","2000 Suzuki XL6","United States"
406,male,Brazil,Mr.,Cauã,Oliveira,"Viela Ingá 1991",Guarulhos,CauaBarrosOliveira@teleworm.us,Capricorn,Epidemiologist,"2001 TVR Griffith",Brazil
407,male,American,Mr.,Richard,Polanco,"1609 Dufferin Avenue",Toronto,RichardSPolanco@jourrapide.com,Taurus,"Wholesale buyer","2007 Volkswagen Caddy",Canada
408,male,Brazil,Mr.,Samuel,Araujo,"Rua CD - 012 1683",Brusque,SamuelAlvesAraujo@teleworm.us,Aries,"Stock trader","2010 Scion tC",Brazil
409,male,American,Mr.,Jesse,Barber,"234 Spring Avenue","Fort Washington",JesseRBarber@teleworm.us,Aries,"Taxi driver","2009 Ford Falcon","United States"
410,male,American,Mr.,William,Sosa,"Rua Deputado Dias Menezes 1607","São Paulo",WilliamSSosa@teleworm.us,Aquarius,DJ,"2005 Alpina B3",Brazil
411,male,American,Mr.,Alfredo,Wingfield,"Rua Salgado Filho 1555",Jataí,AlfredoAWingfield@dayrep.com,Cancer,"Sales manager","2001 Proton Tiara",Brazil
412,female,American,Mrs.,Clementina,Harvey,"Rua Z 1083",Contagem,ClementinaJHarvey@cuvox.de,Leo,"Commercial lender","2002 Seat Toledo",Brazil
413,female,Brazil,Ms.,Isabella,Dias,"4551 Hill Haven Drive",Killeen,IsabellaLimaDias@dayrep.com,Capricorn,"Computer control operator","2011 Toyota Highlander","United States"
414,female,American,Ms.,Monica,Ruggiero,"Rua Ângelo Paschoal de Marco 138",Caçapava,MonicaERuggiero@fleckens.hu,Virgo,"Help-desk technician","2006 Chevrolet Avalanche",Brazil
415,female,Brazil,Ms.,Laura,Silva,"4853 102nd Avenue",Cranbrook,LauraMeloSilva@dayrep.com,Sagittarius,"Mechanical engineering technician","2004 Acura CL",Canada
416,female,American,Ms.,Mariah,Schmeltzer,"1833 Pape Ave",Toronto,MariahCSchmeltzer@teleworm.us,Scorpio,"Personal and home care aide","2004 Xedos 9",Canada
417,female,American,Mrs.,Ruby,Green,"593 Cessna Drive","Fort Wayne",RubyNGreen@cuvox.de,Leo,"Livestock farmer","2008 Daewoo Lacetti","United States"
418,female,Brazil,Mrs.,Luiza,Pereira,"2365 McDowell Street",Nashville,LuizaLimaPereira@armyspy.com,Scorpio,"Office support team leader","1998 Mercedes-Benz E","United States"
419,female,American,Mrs.,Amanda,Easley,"3341 Landon Street","Trout Creek",AmandaPEasley@einrot.com,Leo,"Multiple machine tool tender","2007 Suzuki XL7",Canada
420,female,Brazil,Ms.,Camila,Costa,"Rua Poá 439",Itapevi,CamilaCunhaCosta@cuvox.de,Gemini,"Linguistic anthropologist","1999 Ford Fiesta",Brazil
421,female,American,Mrs.,Christine,Destefano,"Avenida Arnaldo Felipe Sbruzzi 184",Taubaté,ChristinePDestefano@superrito.com,Virgo,"Plan examiner","2004 Lotus Elise",Brazil
422,male,Brazil,Mr.,Fábio,Souza,"Rua César Lates 332",Anápolis,FabioAlmeidaSouza@superrito.com,Virgo,"Convention manager","1996 Pininfarina Eta",Brazil
423,male,Brazil,Mr.,André,Rocha,"3754 Green Acres Road",Coinjock,AndreCarvalhoRocha@jourrapide.com,Virgo,Hairstylist,"2004 GMC Safari","United States"
424,male,Brazil,Mr.,Rafael,Cunha,"Rua Jorge Francisco Simão 891","Sete Lagoas",RafaelCardosoCunha@rhyta.com,Scorpio,"Fork lift driver","2004 Ford Laser",Brazil
425,female,Brazil,Mrs.,Vitoria,Carvalho,"386 Round Table Drive","West Chester",VitoriaBarbosaCarvalho@gustr.com,Capricorn,"Musical instrument repairer","2009 Saturn Vue","United States"
426,male,American,Mr.,Frank,Haris,"3113 Bay Street",Toronto,FrankCHaris@dayrep.com,Virgo,"Computer scientist","2005 Mercedes-Benz SLR McLaren",Canada
427,female,American,Ms.,Maria,Fields,"452 Dye Street",Tempe,MariaRFields@rhyta.com,Aries,Bookkeeper,"2000 Ford Mondeo","United States"
428,female,Brazil,Mrs.,Carolina,Cunha,"4660 rue des Églises Est",Barraute,CarolinaAlmeidaCunha@armyspy.com,Libra,"Support service manager","2006 Hummer H3",Canada
429,female,American,Ms.,Tara,Allen,"37 St. John Street",Springside,TaraEAllen@dayrep.com,Scorpio,"Keying machine operator","2009 BMW 730",Canada
430,female,Brazil,Ms.,Marisa,Ribeiro,"Rua Flamboyant 1782","Aparecida de Goiânia",MarisaFernandesRibeiro@cuvox.de,Cancer,"Home care aide","2001 MG X20",Brazil
431,male,American,Mr.,Bobby,Lewis,"3695 Southern Street","Long Island City",BobbyTLewis@einrot.com,Sagittarius,"Court, municipal, and license clerk","2002 Subaru Forester","United States"
432,male,Brazil,Mr.,José,Costa,"4672 Chestnut Street",Clearwater,JoseSantosCosta@jourrapide.com,Leo,"Traffic clerk","2005 Ford Crown Victoria","United States"
433,female,Brazil,Ms.,Livia,Martins,"2087 Thurston Dr",Orleans,LiviaCostaMartins@gustr.com,Pisces,"Public address system announcer","2010 Chevrolet Aveo",Canada
434,male,American,Mr.,Isreal,Bellanger,"Rua Antonio Topasso 1357",Votuporanga,IsrealBBellanger@teleworm.us,Taurus,Reporter,"2004 Rolls-Royce 100",Brazil
435,male,Brazil,Mr.,Samuel,Martins,"Praça Santa Inês 1202",Betim,SamuelBarrosMartins@dayrep.com,Scorpio,"Horse trainer","2003 Rolls-Royce Phantom",Brazil
436,male,American,Mr.,Darryl,Neal,"Rua Oito 536",Vitória,DarrylPNeal@armyspy.com,Taurus,"Public health social worker","2003 Citroen Xsara",Brazil
437,female,Brazil,Mrs.,Marisa,Alves,"3619 Grove Avenue","Oklahoma City",MarisaCarvalhoAlves@armyspy.com,Aquarius,Biophysicist,"2011 Chrysler Town & Country","United States"
438,female,Brazil,Mrs.,Laura,Goncalves,"Servidão Mar Azul 1107",Florianópolis,LauraMeloGoncalves@cuvox.de,Libra,Musician,"2004 Rover 25",Brazil
439,male,Brazil,Mr.,Gustavo,Dias,"626 Robson St",Vancouver,GustavoCarvalhoDias@teleworm.us,Capricorn,"Ambulance driver","1998 Kia Avella",Canada
440,female,Brazil,Ms.,Carolina,Barros,"Rua José Percy Homem de Mello 1029",Pindamonhangaba,CarolinaCavalcantiBarros@fleckens.hu,Capricorn,"Gas furnace installer","1992 Caterham Super 7",Brazil
441,female,Brazil,Ms.,Amanda,Souza,"2977 Kelly Drive",Clarksburg,AmandaMartinsSouza@teleworm.us,Scorpio,"Revenue agent","2000 Smart ForFour","United States"
442,male,American,Mr.,Donnie,Dennis,"Rua J 921",Florianópolis,DonnieMDennis@gustr.com,Aries,"ENG operator","2007 Abarth Grande Punto",Brazil
443,female,Brazil,Ms.,Beatrice,Oliveira,"692 Rose Street",Regina,BeatriceCardosoOliveira@cuvox.de,Virgo,Repairer,"1993 Chevrolet Caprice",Canada
444,female,Brazil,Mrs.,Vitoria,Alves,"70 Galts Ave","Red Deer",VitoriaPintoAlves@einrot.com,Pisces,"Delivery service driver","2004 Renault Fluence",Canada
445,male,American,Mr.,Emmett,Pitts,"2347 Saint-Denis Street",Montreal,EmmettMPitts@rhyta.com,Pisces,"Airport service agent","2009 Pontiac G8",Canada
446,male,Brazil,Mr.,Kai,Rodrigues,"1929 Glory Road",Nashville,KaiDiasRodrigues@teleworm.us,Virgo,"Quality assurance inspector","2002 Opel Astra","United States"
447,male,Brazil,Mr.,Vinicius,Lima,"1777 White Point Road",Barrington,ViniciusCavalcantiLima@armyspy.com,Pisces,"Machine operator","2001 Nissan Terrano II",Canada
448,male,Brazil,Mr.,Ryan,Alves,"4774 Keith Road","North Vancouver",RyanAlmeidaAlves@dayrep.com,Libra,"Deputy sheriff","2011 Peugeot RCZ",Canada
449,male,Brazil,Mr.,Thiago,Pinto,"2675 Don Jackson Lane",Birmingham,ThiagoAzevedoPinto@superrito.com,Leo,"Occupational therapist","2001 Bristol Project Fighter","United States"
450,male,American,Mr.,Richard,Smith,"Rua Isaura Possidônio 1978","Belo Horizonte",RichardHSmith@teleworm.us,Gemini,"Civil engineer","2012 Kia Carens",Brazil
451,male,Brazil,Mr.,Breno,Lima,"Beco São Luís 481",Manaus,BrenoDiasLima@cuvox.de,Gemini,"Maitre d","2000 Toyota Caserta",Brazil
452,male,American,Mr.,Raymond,Bates,"Rua Itamarajú 973",Cotia,RaymondLBates@superrito.com,Scorpio,"Furniture finisher","2009 Ascari KZ1",Brazil
453,male,Brazil,Mr.,Diogo,Azevedo,"2062 Kinney Street",Springfield,DiogoSantosAzevedo@fleckens.hu,Aries,Baker,"2000 Honda FCX","United States"
454,male,American,Mr.,Cory,Mott,"Rua Nova Esperança 569","São Paulo",CorySMott@rhyta.com,Cancer,"Tour bus driver","2008 Smart ForTwo",Brazil
455,male,Brazil,Mr.,Estevan,Cardoso,"Rua José Batista Ribeiro 1264","Belo Horizonte",EstevanSantosCardoso@armyspy.com,Aries,"Dairy scientist","2005 Bentley Arnage",Brazil
456,female,Brazil,Mrs.,Lara,Rodrigues,"2732 Hillview Drive",Chattanooga,LaraGomesRodrigues@superrito.com,Scorpio,"Simultaneous interpreter","2014 Audi allroad","United States"
457,male,Brazil,Mr.,Luan,Fernandes,"Rua Florianópolis 246",Araguari,LuanCardosoFernandes@armyspy.com,Capricorn,"Office and administrative support worker supervisor","2008 SSC Aero",Brazil
458,female,Brazil,Mrs.,Emilly,Correia,"466 Whitetail Lane",Dallas,EmillyBarrosCorreia@cuvox.de,Taurus,"Staffing and assignments coordinator","1997 Porsche 911","United States"
459,male,American,Mr.,Brian,Sullivan,"1007 A Avenue",Edmonton,BrianHSullivan@dayrep.com,Taurus,"Graduate teaching assistant","1992 Caterham Super 7",Canada
460,male,Brazil,Mr.,Martim,Ribeiro,"617 Lowndes Hill Park Road","Los Angeles",MartimFernandesRibeiro@superrito.com,Pisces,"Executive office administrator","2010 Audi S3","United States"
461,male,Brazil,Mr.,Rafael,Santos,"3360 Candlelight Drive",Houston,RafaelAraujoSantos@teleworm.us,Pisces,"Dyeing machine operator","1999 Nissan Crew","United States"
462,female,American,Ms.,Racquel,Qualls,"3319 Peck Court","El Toro",RacquelRQualls@jourrapide.com,Pisces,"Medical illustrator","1996 Volkswagen Passat","United States"
463,male,Brazil,Mr.,Arthur,Lima,"3486 5th Avenue",Valleyview,ArthurGoncalvesLima@cuvox.de,Scorpio,Cytotechnologist,"1992 Holden Apollo",Canada
464,female,Brazil,Mrs.,Rebeca,Costa,"Rua Saturnino Dias 1664","São Bernardo do Campo",RebecaPereiraCosta@teleworm.us,Aries,Geographer,"1999 Suzuki EV Sport",Brazil
465,female,Brazil,Ms.,Nicole,Carvalho,"4153 Brew Creek Rd","Seton Portage",NicoleBarbosaCarvalho@jourrapide.com,Scorpio,"Two-stroke engine mechanic","2001 Beijing BJ 2021",Canada
466,female,American,Ms.,Shantae,Bennett,"2963 New Street",Mapleton,ShantaeRBennett@teleworm.us,Gemini,"CNC operator","2012 Fiat 500","United States"
467,female,American,Mrs.,Elizabeth,Peterson,"Estrada Mineira 306",Petrópolis,ElizabethRPeterson@superrito.com,Cancer,"Furnace installer","1995 Chrysler Viper",Brazil
468,female,Brazil,Mrs.,Marina,Lima,"1133 Halsey Avenue",Toronto,MarinaBarrosLima@armyspy.com,Capricorn,"Medical translator","2000 Vauxhall Frontera",Canada
469,female,Brazil,Ms.,Sophia,Fernandes,"Rua Olinda 364","São Bernardo do Campo",SophiaSousaFernandes@dayrep.com,Cancer,"Specification inspector","1995 BMW Just 4",Brazil
470,female,Brazil,Ms.,Ágatha,Silva,"975 Derry Rd",Malton,AgathaLimaSilva@teleworm.us,Gemini,"Craft artist","2010 GMC Acadia",Canada
471,male,American,Mr.,James,Beck,"3189 Sherbrooke Ouest",Montreal,JamesCBeck@dayrep.com,Libra,"Horse trainer","2009 Fiat Ducato",Canada
472,male,Brazil,Mr.,Gabriel,Martins,"791 Eglinton Avenue",Toronto,GabrielCavalcantiMartins@jourrapide.com,Aries,"Budget officer","2008 Ferrari 360",Canada
473,male,American,Mr.,John,Johnson,"Rua Gastão de Almeida 332",Leme,JohnAJohnson@rhyta.com,Sagittarius,"Administrative worker supervisor","1993 Daihatsu Charade",Brazil
474,male,Brazil,Mr.,Douglas,Costa,"2424 Kinchant St",Quesnel,DouglasOliveiraCosta@jourrapide.com,Aquarius,"Optical instrument assembler","1995 Venturi Atlantique",Canada
475,male,Brazil,Mr.,Paulo,Silva,"4255 Cheshire Road",Stratford,PauloSousaSilva@gustr.com,Libra,"Mixing and blending machine operator","2008 Lexus ES","United States"
476,female,American,Mrs.,Karin,Rickman,"Rua Maria Marçal Gomes 379","Ribeirão das Neves",KarinDRickman@cuvox.de,Capricorn,"Student affairs administrator","2006 Fiat Strada",Brazil
477,female,Brazil,Ms.,Anna,Araujo,"4182 Mountain Avenue",Winkler,AnnaCarvalhoAraujo@einrot.com,Aries,"Photographic equipment repairer","2006 Suzuki SX4",Canada
478,male,American,Mr.,George,Morris,"Rua Ônix 1527","Aparecida de Goiânia",GeorgeSMorris@superrito.com,Leo,"Power reactor operator","2003 Opel Astra",Brazil
479,female,Brazil,Ms.,Lavinia,Rocha,"Rua Lupicínio Rodrigues 1345","Ribeirão Pires",LaviniaCorreiaRocha@dayrep.com,Pisces,"Print binding and finishing worker","1999 Chrysler Cirrus",Brazil
480,female,Brazil,Ms.,Yasmin,Oliveira,"Rua Miguel Ignácio 298","Ribeirão Preto",YasminFerreiraOliveira@superrito.com,Taurus,"Information specialist","2005 Morgan Aero 8",Brazil
481,male,American,Mr.,Danny,Cowley,"Jardinete Geraldo Meira Góes 1511",Curitiba,DannyECowley@fleckens.hu,Scorpio,"Communications equipment operator","2004 Suzuki Lapin",Brazil
482,male,Brazil,Mr.,Erick,Sousa,"1961 McVaney Road",Hickory,ErickCostaSousa@einrot.com,Scorpio,"Pipe organ repairer","1996 Lotus Esprit","United States"
483,male,Brazil,Mr.,Tomás,Cardoso,"Rua CCAB Sul 534",Natal,TomasGomesCardoso@cuvox.de,Cancer,"Marine equipment mechanic","1997 Daihatsu Mira",Brazil
484,female,American,Ms.,Rita,Goldberg,"4073 99th St","Grande Prairie",RitaJGoldberg@einrot.com,Scorpio,"Contract administrator","2007 Hyundai Veracruz",Canada
485,female,American,Ms.,Shelley,Maupin,"4819 Marcus Street",Decatur,ShelleyCMaupin@cuvox.de,Aquarius,"Corporate trainer","2010 Chrysler Sebring","United States"
486,female,American,Mrs.,Katherine,Stewart,"2303 Highland View Drive",Sacramento,KatherineAStewart@gustr.com,Gemini,"Support service manager","2007 Chevrolet Impala","United States"
487,male,Brazil,Mr.,Diogo,Correia,"4394 Fallon Drive",Walkerton,DiogoDiasCorreia@cuvox.de,Libra,Principal,"2006 Mercedes-Benz S",Canada
488,male,Brazil,Mr.,Kai,Costa,"Travessa da Paz 1963","Rio de Janeiro",KaiCavalcantiCosta@dayrep.com,Gemini,"Apartment house manager","2008 Dodge Sprinter",Brazil
489,female,Brazil,Mrs.,Beatrice,Ferreira,"1527 Reserve St",Picton,BeatricePintoFerreira@gustr.com,Libra,"Administrative supervisor","1993 Alpine A 610",Canada
490,female,Brazil,Ms.,Giovanna,Barbosa,"3347 René-Lévesque Blvd",Montreal,GiovannaSouzaBarbosa@superrito.com,Virgo,"Emergency management specialist","2004 Opel Meriva",Canada
491,male,American,Mr.,Paul,Williams,"Rua Numa Pompilho 1435",Recife,PaulGWilliams@einrot.com,Scorpio,Internist,"1993 Toyota 4Runner",Brazil
492,male,American,Mr.,Merlin,Knox,"3466 Lakeland Terrace",Southfield,MerlinCKnox@armyspy.com,Gemini,"Emergency management specialist","2010 Volvo XC60","United States"
493,female,Brazil,Ms.,Camila,Ribeiro,"Rua Ivo Soares da Cruz 794",Natal,CamilaRodriguesRibeiro@rhyta.com,Pisces,"Geophysical prospecting surveyor","2003 Kia Sephia II",Brazil
494,female,American,Mrs.,Deborah,Drury,"Avenida Sete 1561",Ituiutaba,DeborahTDrury@cuvox.de,Virgo,"Urban planner","2014 Nissan Versa Note",Brazil
495,male,Brazil,Mr.,Danilo,Fernandes,"2311 Poe Road","Myrtle Beach",DaniloPintoFernandes@einrot.com,Taurus,"Forging machine tender","2000 Ford Cougar","United States"
496,female,Brazil,Mrs.,Alice,Cardoso,"2922 49th Avenue","Hall Beach",AliceSousaCardoso@jourrapide.com,Pisces,"Secret Service agent","1992 Volkswagen Passat",Canada
497,male,American,Mr.,Peter,Dubreuil,"1756 Eglinton Avenue",Toronto,PeterSDubreuil@armyspy.com,Leo,"Retail salesperson","2011 Volkswagen Phaeton",Canada
498,female,Brazil,Mrs.,Isabella,Sousa,"3111 Jadewood Farms","New Brunswick",IsabellaBarrosSousa@cuvox.de,Gemini,"Engineering technician","2003 Saab 9-5","United States"
499,female,American,Mrs.,Sandra,Williams,"Avenida Doutor Ângelo Simões 1661",Campinas,SandraKWilliams@cuvox.de,Aquarius,"Milling and planing machine operator","2006 Peugeot Partner",Brazil
500,male,American,Dr.,Samuel,Leonard,"Quadra QR 423 Conjunto 06-A 1298",Samambaia,SamuelJLeonard@gustr.com,Scorpio,"Personnel recruiter","2010 Alfa Romeo MiTo",Brazil
501,female,American,Ms.,Mable,Anson,"4661 Ella Street","San Mateo",MableAAnson@armyspy.com,Sagittarius,"Job analysis manager","2015 Chevrolet Silverado 3500HD","United States"
502,female,American,Mrs.,Ellen,Shipman,"3827 Meadowbrook Mall Road","Los Angeles",EllenCShipman@fleckens.hu,Gemini,Surgeon,"1999 Honda Shuttle","United States"
503,male,American,Mr.,John,Davis,"899 Granville St",Halifax,JohnJDavis@gustr.com,Taurus,"Community dietitian","1994 Rolls-Royce Silver Spur",Canada
504,female,American,Mrs.,Addie,McMakin,"Rua D 1679",Cuiabá,AddieCMcMakin@gustr.com,Virgo,"Financial clerk","2000 Suzuki Vitara",Brazil
505,female,Brazil,Mrs.,Vitoria,Dias,"2273 Red Dog Road",Charlotte,VitoriaLimaDias@fleckens.hu,Scorpio,"Head hunter","2002 Mercedes-Benz V","United States"
506,female,Brazil,Mrs.,Yasmin,Pereira,"Rua Dois 454",Ourinhos,YasminDiasPereira@jourrapide.com,Virgo,"Computer forensic investigator","2001 Honda Passport",Brazil
507,male,Brazil,Mr.,Kauan,Ribeiro,"1503 Bridgeport Rd",Milton,KauanCorreiaRibeiro@gustr.com,Scorpio,"Agricultural inspector","2011 Opel Corsa",Canada
508,male,American,Dr.,Michael,Touchet,"4340 Sherbrooke Ouest",Montreal,MichaelKTouchet@fleckens.hu,Scorpio,"Parking lot attendant","1993 Subaru Leone",Canada
509,male,Brazil,Mr.,Eduardo,Ribeiro,"Alameda das Camélias 625",Indaiatuba,EduardoDiasRibeiro@jourrapide.com,Leo,"Coin, vending, and amusement machine servicer","2012 BMW X3",Brazil
510,female,American,Ms.,Amy,Dipalma,"Rua F4 618",Aracaju,AmyJDipalma@gustr.com,Aries,"Laboratory animal technician","2003 Daewoo Kalos",Brazil
511,female,American,Ms.,Noreen,Farris,"485 Ridenour Street",Miami,NoreenDFarris@jourrapide.com,Taurus,"Correctional officer","2004 AC Aceca","United States"
512,male,American,Mr.,Joseph,Padgett,"3994 Thrash Trail","Sandy Creek",JosephTPadgett@fleckens.hu,Leo,"Organizational economist","1997 Citroen C 15","United States"
513,female,American,Mrs.,Toni,Grove,"1550 Kincheloe Road",Portland,ToniDGrove@rhyta.com,Capricorn,"Bench carpenter","2004 GAZ 3111","United States"
514,male,Brazil,Mr.,Caio,Sousa,"Rua Alto Rio Novo 1539",Serra,CaioMartinsSousa@rhyta.com,Capricorn,Economist,"2001 Mitsubishi Lancer",Brazil
515,male,Brazil,Mr.,Murilo,Oliveira,"2488 Chardonnay Drive","Oak Harbor",MuriloCunhaOliveira@teleworm.us,Aquarius,"Support clerk","1993 Nissan 200 SX Silvia","United States"
516,female,Brazil,Mrs.,Leonor,Araujo,"3180 Adelaide St",Toronto,LeonorRochaAraujo@armyspy.com,Scorpio,"Dental surgery doctor","2000 Kia Potentia",Canada
517,male,Brazil,Mr.,Luan,Cavalcanti,"Rua Nossa Senhora da Penha 188",Vitória,LuanOliveiraCavalcanti@fleckens.hu,Capricorn,Astronomer,"2011 Infiniti G25",Brazil
518,male,Brazil,Mr.,Igor,Fernandes,"1964 Rue De La Gare",Mistassini,IgorMeloFernandes@jourrapide.com,Gemini,"Insurance sales agent","1993 Rolls-Royce Silver Spirit",Canada
519,female,Brazil,Mrs.,Leonor,Silva,"792 Wascana Parkway",Regina,LeonorSouzaSilva@teleworm.us,Taurus,"Customer service representative","1996 Rover 200",Canada
520,male,American,Mr.,Barry,Jenkins,"4998 rue des Églises Est","Ville Marie",BarryMJenkins@teleworm.us,Capricorn,"Truck dispatcher","2004 Land Rover Freelander",Canada
521,male,Brazil,Mr.,Pedro,Goncalves,"916 Goldleaf Lane",Hackensack,PedroMeloGoncalves@gustr.com,Taurus,"Automated teller machine technician","2009 Nissan Pixo","United States"
522,male,Brazil,Mr.,Guilherme,Oliveira,"3560 Rosebud Avenue",Lakeview,GuilhermeAlmeidaOliveira@armyspy.com,Capricorn,"Immigration inspector","2004 Toyota Solara","United States"
523,male,Brazil,Mr.,Kaua,Melo,"2531 Bridgeport Rd",Hamilton,KauaFerreiraMelo@jourrapide.com,Leo,"LAN manager","2002 Mitsubishi Diamante",Canada
524,female,American,Ms.,Heather,Ayala,"Travessa Márques 144","Campos dos Goytacazes",HeatherGAyala@jourrapide.com,Gemini,"Instructional assistant","2007 Lexus IS",Brazil
525,female,American,Ms.,Marion,Akers,"1955 Maynard Rd",Calgary,MarionRAkers@fleckens.hu,Cancer,Examiner,"2002 Suzuki Jimny",Canada
526,male,Brazil,Mr.,Guilherme,Rodrigues,"714 Public Works Drive",Kingsport,GuilhermeSousaRodrigues@cuvox.de,Libra,"Dental technician","2005 Vector M12","United States"
527,female,American,Ms.,Carla,Stewart,"3003 Silver St","New Liskeard",CarlaNStewart@gustr.com,Gemini,"Foot doctor","2002 Seat Leon",Canada
528,male,Brazil,Mr.,Caio,Cunha,"671 Bond Street",Narragansett,CaioCostaCunha@teleworm.us,Virgo,"Financial services sales agent","2011 Mazda CX-9","United States"
529,male,Brazil,Mr.,Diego,Lima,"Rua Bacairis 1576","São Paulo",DiegoCardosoLima@jourrapide.com,Pisces,Transcriber,"2011 Porsche 911",Brazil
530,male,American,Mr.,Walter,Tillman,"229 Thompson Street","Long Beach",WalterLTillman@gustr.com,Aquarius,"Tree pruner","2007 Honda Jazz","United States"
531,female,Brazil,Mrs.,Vitória,Pinto,"4921 Sundown Lane",Austin,VitoriaAzevedoPinto@fleckens.hu,Pisces,"Gaming and sports book writer","2002 Volkswagen New Beetle","United States"
532,male,Brazil,Mr.,Guilherme,Rodrigues,"28 Church Street",Tignish,GuilhermeMartinsRodrigues@rhyta.com,Scorpio,"Data processing equipment repairer","1997 Ford Mustang",Canada
533,male,Brazil,Mr.,Mateus,Pinto,"1457 Morningview Lane",Ventura,MateusAlmeidaPinto@gustr.com,Gemini,"Systems administrator","2008 Aston Martin DB7","United States"
534,male,Brazil,Mr.,Vitor,Lima,"2566 Green Gate Lane","Bel Air",VitorSouzaLima@dayrep.com,Cancer,"Data entry worker","2009 Volkswagen Jetta","United States"
535,male,Brazil,Mr.,Mateus,Goncalves,"4594 Richland Avenue","Sugar Land",MateusSantosGoncalves@superrito.com,Virgo,"Paper goods tender","2007 Jeep Liberty","United States"
536,male,Brazil,Mr.,Kaua,Cavalcanti,"4168 Runnymede Rd",Toronto,KauaBarrosCavalcanti@armyspy.com,Virgo,"Sports trainer","1993 Opel Corsa",Canada
537,female,Brazil,Ms.,Thaís,Pinto,"Rua Campinas do Sul 619","São Paulo",ThaisRodriguesPinto@superrito.com,Leo,"Compensation and benefits technician","2006 Volkswagen Jetta",Brazil
538,male,American,Mr.,Thomas,Torres,"1101 Gordon Street","Los Angeles",ThomasFTorres@jourrapide.com,Cancer,Archivist,"2005 Nissan Pathfinder","United States"
539,female,Brazil,Mrs.,Tânia,Gomes,"2459 Woodrow Way",Houston,TaniaCastroGomes@fleckens.hu,Cancer,"English to speakers of other languages teacher","2004 Jeep Liberty","United States"
540,male,American,Mr.,William,Simmons,"Rua Feira Nove 1695",Guarulhos,WilliamCSimmons@cuvox.de,Cancer,"Office support team leader","2012 Cadillac SRX",Brazil
541,female,American,Mrs.,Ashley,Bateman,"2473 Red Bud Lane",Meriden,AshleyRBateman@superrito.com,Gemini,"Sales worker supervisor","1999 Ginetta G40","United States"
542,male,Brazil,Mr.,Paulo,Ferreira,"Rua 2 901","Aparecida de Goiânia",PauloSousaFerreira@cuvox.de,Cancer,"Child welfare social worker","2012 Renault Twingo",Brazil
543,male,American,Mr.,Anthony,Woods,"1202 Boulevard Laflèche","Riviere Du Loup",AnthonyEWoods@jourrapide.com,Sagittarius,Referee,"2001 Opel Vectra",Canada
544,male,Brazil,Mr.,Eduardo,Costa,"1058 Port Washington Road",Banff,EduardoSilvaCosta@armyspy.com,Gemini,"Sauce cook","2004 Toyota Sienna",Canada
545,female,Brazil,Mrs.,Maria,Sousa,"3910 Water Street",Kitchener,MariaBarbosaSousa@rhyta.com,Taurus,"Crane and tower operator","2002 Lada 117",Canada
546,female,Brazil,Mrs.,Julieta,Barros,"301 Wascana Parkway",Regina,JulietaSouzaBarros@rhyta.com,Sagittarius,Lithographer,"2010 Mercedes-Benz CLS",Canada
547,female,Brazil,Ms.,Lara,Souza,"Rua Santa Teresinha 661",Teresina,LaraBarrosSouza@superrito.com,Libra,"Food service worker","2004 Mitsubishi Lancer",Brazil
548,female,American,Mrs.,Vanessa,Sharper,"Rua Marechal Simeão 1096","Rio de Janeiro",VanessaTSharper@cuvox.de,Libra,"Library media specialist","1998 Daewoo Nubira",Brazil
549,female,Brazil,Ms.,Evelyn,Barros,"1531 Eagle Lane",Virginia,EvelynBarbosaBarros@rhyta.com,Virgo,"Biological scientist","2006 Rover 75","United States"
550,female,Brazil,Ms.,Letícia,Pinto,"Rua Kiwi Natal 1046","São Paulo",LeticiaAlvesPinto@fleckens.hu,Aquarius,"Hand compositor","2015 BMW 2 Series",Brazil
551,female,American,Ms.,Rachel,Hollingsworth,"Rua Daniela Bahia Lanza 1393","Sete Lagoas",RachelMHollingsworth@armyspy.com,Taurus,"Petroleum engineer","2001 Vauxhall Agila",Brazil
552,female,American,Mrs.,Aline,Matthews,"1932 Fourth Avenue",Calgary,AlineJMatthews@dayrep.com,Virgo,"Construction electrician","2010 Cadillac DTS",Canada
553,female,Brazil,Ms.,Beatrice,Silva,"Rua Emílio Otto 1439","Porto Alegre",BeatriceCastroSilva@fleckens.hu,Cancer,"Hydraulic and pneumatic technician","2008 Opel Antara",Brazil
554,female,American,Ms.,Rhonda,Dancy,"1122 Philli Lane",Tulsa,RhondaPDancy@gustr.com,Sagittarius,"Buyers' agent","2008 Mitsubishi Pajero","United States"
555,male,Brazil,Mr.,Rodrigo,Barros,"357 MacLaren Street",Ottawa,RodrigoSouzaBarros@einrot.com,Cancer,"Tax examiner","2001 Volvo S80",Canada
556,female,Brazil,Ms.,Emilly,Silva,"3512 rue St-Henri","Ville Le Gardeur",EmillyRochaSilva@armyspy.com,Capricorn,"Gaming machine servicer","2000 Porsche 993",Canada
557,male,American,Mr.,Justin,Koenig,"131 rue Parc",Sherbrooke,JustinTKoenig@jourrapide.com,Sagittarius,"Local transit bus driver","1997 Peugeot 504",Canada
558,male,American,Mr.,Sean,McBeth,"2977 Sixth Street","New Westminster",SeanFMcBeth@teleworm.us,Aquarius,"Hoist and winch operator","2000 Dodge Neon",Canada
559,female,Brazil,Ms.,Beatriz,Souza,"3601 Todds Lane","San Antonio",BeatrizMeloSouza@cuvox.de,Capricorn,"Fish cleaner","2004 Tata E","United States"
560,male,Brazil,Dr.,Martim,Cavalcanti,"Rua Almirante Tamandaré 606",Cotia,MartimAzevedoCavalcanti@superrito.com,Aquarius,"Athletic training instructor","2005 Mitsubishi Outlander",Brazil
561,male,American,Mr.,Louis,Garcia,"1947 St Jean Baptiste St",Yamachiche,LouisVGarcia@cuvox.de,Aquarius,"Smoke jumper","2011 BMW 323",Canada
562,male,American,Mr.,Melvin,Alarcon,"601 Maloy Court","Junction City",MelvinTAlarcon@jourrapide.com,Gemini,"Water and liquid waste treatment plant and system operator","2005 Kia Amanti","United States"
563,female,Brazil,Ms.,Laura,Rocha,"Rua João Thomé Franco 364",Sorocaba,LauraCastroRocha@teleworm.us,Sagittarius,"Wire installer","1998 Ford Maverick",Brazil
564,female,Brazil,Ms.,Julia,Cardoso,"3288 Lynden Road",Shelburne,JuliaLimaCardoso@superrito.com,Gemini,"Allopathic physician","2010 Audi RS6",Canada
565,female,Brazil,Mrs.,Emily,Barbosa,"2633 Pin Oak Drive","Long Beach",EmilyMeloBarbosa@jourrapide.com,Scorpio,"Personnel services specialist","1997 Honda Integra","United States"
566,female,American,Mrs.,Sherry,Johnson,"Rua Quatorze 149",Birigüi,SherryNJohnson@rhyta.com,Libra,"Motorboat operator","1999 BMW LMR",Brazil
567,female,Brazil,Ms.,Nicole,Costa,"4099 Wilmar Farm Road",Reston,NicoleSilvaCosta@dayrep.com,Gemini,"Journeymen lineman","2000 Mercury Cougar","United States"
568,female,Brazil,Ms.,Maria,Oliveira,"2709 Woodvale Drive",Harrietsville,MariaBarrosOliveira@cuvox.de,Scorpio,"Crane and tower operator","1994 Mini MK VI",Canada
569,male,Brazil,Mr.,Kauan,Pinto,"1564 Princess St",Kingston,KauanAraujoPinto@teleworm.us,Sagittarius,"Personnel administrator","2012 Lincoln Navigator",Canada
570,male,Brazil,Mr.,Kaua,Cunha,"Rua Nadir 632",Guarulhos,KauaFernandesCunha@rhyta.com,Cancer,"Dining room and cafeteria attendant","1998 Daewoo Nubira",Brazil
571,male,Brazil,Mr.,Joao,Carvalho,"4867 Marie Street",Annapolis,JoaoCostaCarvalho@gustr.com,Taurus,"Revenue agent","2000 Lexus ES","United States"
572,female,American,Mrs.,Heather,Brown,"Rua Coronel Ludgero 439",Crato,HeatherCBrown@fleckens.hu,Libra,"Legal nurse consultant","2007 Hyundai Atos",Brazil
573,male,American,Mr.,Edward,Cummings,"2150 Galts Ave","Red Deer",EdwardTCummings@fleckens.hu,Pisces,"Food and beverage manager","2004 Peugeot 206",Canada
574,female,Brazil,Mrs.,Vitoria,Pereira,"3691 Walnut Drive",Langdon,VitoriaCardosoPereira@gustr.com,Gemini,"Software quality assurance analyst","2007 Ferrari 612","United States"
575,male,American,Mr.,Francis,Starr,"3509 Grey Rd",Feversham,FrancisPStarr@rhyta.com,Gemini,"Range ecologist","1999 Peugeot 306",Canada
576,male,American,Mr.,Dean,Jain,"Praça Isaac Elias 1744",Jandira,DeanVJain@gustr.com,Aries,"Medical appliance technician","2011 BMW 740",Brazil
577,female,American,Ms.,Tyisha,Jones,"4731 Bank St",Ottawa,TyishaGJones@superrito.com,Scorpio,"Telephone installer","1996 Volkswagen Caravelle",Canada
578,male,Brazil,Mr.,Pedro,Rodrigues,"Avenida Jockei Club 1081",Londrina,PedroCorreiaRodrigues@einrot.com,Scorpio,Nutritionist,"1992 Oldsmobile Achieva",Brazil
579,male,Brazil,Mr.,Diogo,Araujo,"3802 Robson St",Vancouver,DiogoCarvalhoAraujo@cuvox.de,Cancer,"Industrial maintenance worker","2002 BMW M3",Canada
580,male,American,Mr.,Thomas,Rohe,"263 99th St","Grande Prairie",ThomasSRohe@gustr.com,Taurus,"Fitness worker","1995 Suzuki Vitara",Canada
581,male,American,Mr.,Gary,Bostic,"2203 St. John Street",Alsask,GaryGBostic@rhyta.com,Leo,"International human resources manager","2010 Mercury Grand Marquis",Canada
582,female,Brazil,Mrs.,Matilde,Melo,"2082 Pine Street",Winfield,MatildeRochaMelo@cuvox.de,Aquarius,"Heat treating equipment setter","1999 Kia Pride Wagon",Canada
583,female,Brazil,Mrs.,Tânia,Carvalho,"1328 Huntz Lane",Worcester,TaniaOliveiraCarvalho@armyspy.com,Libra,Beautician,"2011 Mazda 2","United States"
584,male,Brazil,Mr.,Samuel,Carvalho,"145 rue Garneau",Quebec,SamuelGomesCarvalho@cuvox.de,Aquarius,"Wholesale buyer","1995 Aston Martin V8 Vantage",Canada
585,male,Brazil,Mr.,José,Dias,"1529 Clinton Street","Little Rock",JoseCavalcantiDias@gustr.com,Aries,"Customs agent","2007 Mazda RX-8","United States"
586,male,Brazil,Mr.,Tomás,Souza,"Viela Ipanema 1099",Guarulhos,TomasFernandesSouza@gustr.com,Capricorn,"Sociocultural anthropologist","1999 Nissan R 390 GT1",Brazil
587,female,Brazil,Mrs.,Matilde,Cardoso,"1435 Water Street",Kitchener,MatildeFernandesCardoso@gustr.com,Aquarius,Astronomer,"2004 Peugeot 605",Canada
588,male,American,Mr.,Elliott,Linkous,"Rua dos Ursos 1087",Serra,ElliottDLinkous@superrito.com,Scorpio,Tailor,"2001 Cadillac Vizon",Brazil
589,female,Brazil,Mrs.,Giovana,Rocha,"Rua Julieta Moreira Santos 1612",Barbacena,GiovanaSousaRocha@cuvox.de,Aquarius,"Sales agent","2001 Renault Megane",Brazil
590,female,Brazil,Mrs.,Isabela,Costa,"3002 Toy Avenue",Oshawa,IsabelaGomesCosta@dayrep.com,Cancer,"Allopathic physician","2005 Rolls-Royce Corniche",Canada
591,male,Brazil,Mr.,Antônio,Silva,"1493 Callison Lane",Newark,AntonioRibeiroSilva@cuvox.de,Gemini,Mechanic,"2005 Noble M14","United States"
592,female,American,Ms.,Angela,Gordon,"1308 Bingamon Road","North Royalton",AngelaDGordon@fleckens.hu,Leo,"Vending machine technician","2002 Cadillac Catera","United States"
593,male,American,Mr.,Ricky,Williams,"Rua Bento Bernardino dos Santos 159",Florianópolis,RickyJWilliams@jourrapide.com,Leo,"Agricultural product grader","2010 Dacia Sandero",Brazil
594,female,Brazil,Mrs.,Sarah,Rocha,"4534 Burdett Avenue",Terrace,SarahCunhaRocha@fleckens.hu,Taurus,"Automotive glass repairer","2011 Nissan Patrol",Canada
595,male,Brazil,Mr.,Estevan,Fernandes,"Rua Otto Huber 576",Blumenau,EstevanAlvesFernandes@gustr.com,Capricorn,"Ceramic engineer","2000 Holden Vectra",Brazil
596,male,Brazil,Mr.,Nicolash,Barbosa,"4726 René-Lévesque Blvd",Montreal,NicolashAzevedoBarbosa@rhyta.com,Taurus,"Mail machine operator","1993 Volkswagen Quantum",Canada
597,male,Brazil,Mr.,Martim,Pinto,"Rua Cláudia Mascaro de Tella 1031",Campinas,MartimCostaPinto@einrot.com,Taurus,"Inorganic chemist","1997 Mitsubishi Galant",Brazil
598,female,American,Dr.,Laveta,Forney,"2164 Hastings Street",Vancouver,LavetaWForney@rhyta.com,Libra,"Ophthalmic nurse","2000 Mitsubishi Diamante",Canada
599,female,Brazil,Mrs.,Tânia,Goncalves,"2776 Carolina Avenue",Denver,TaniaMartinsGoncalves@cuvox.de,Sagittarius,"Hydrographic surveyor","1994 Oldsmobile Silhouette","United States"
600,male,American,Mr.,Jerry,Rusch,"3822 Briarwood Drive","Laurel Springs",JerrySRusch@dayrep.com,Cancer,"Dietetic technician","2002 Honda Odyssey","United States"
